제목,날짜,분류,본문
"[전문가 분석] ""민주당 하원 장악으로 트럼프식 '대북 쇼' 제동 걸릴 것""",2018-11-07 19:00,정치," 미국 중간 선거에서 민주당이 하원 다수당 지위를 탈환함에 따라 트럼프 행정부의 대북(對北) 정책도 ‘미국 야당’이라는 변수를 만나게 됐다. 그동안 도널드 트럼프 대통령은 상·하원을 모두 장악한 상태에서 자신만의 대북 정책 기조를 유지해왔다. 하지만 예산권 등을 거머쥔 의회에서 민주당이 다수당이 됨에 따라 예전과 같은 ‘트럼프식’ 대북 정책이 그대로 추진될지 미지수다.전문가들은 민주당이 장악한 미 하원이 트럼프 대통령의 대북 정책에 브레이크를 걸 것이라고 내다봤다. 남성욱 고려대 교수는 ""민주당의 견제로 의회라는 시어머니가 생긴 것""이라며 ""관리·감독의 강화로 트럼프 대통령식 ‘쇼’도 견제가 들어갈 것""이라고 했다. 남궁영 한국외대 교수도 ""지금 선거 결과에 공화당 내 정치 엘리트들의 트럼프식 대북 정책에 대한 반감을 고려하면 상당한 도전에 직면하게 될 것""이라고 했다.중간 선거 결과가 8일로 예정됐던 미북 고위급 회담의 돌연 연기에 영향을 미쳤을 것이라는 분석도 있었다. 고유환 동국대 교수는 ""민주당이 하원을 장악한 상황에서 미북이 지금 만나서 당장 의미 있는 진전을 이루기 어렵겠다고 생각했을 것""이라고 했다. 다만 신범철 아산정책연구원 안보통일센터장은 ""이번 고위급 회담 연기는 ‘검증’을 강조하는 미국 측의 요구에 북한이 제대로 맞추지 못했기 때문""이라고 했다.다음은 전문가들과의 인터뷰 전문. ◇고유환 동국대 교수""지금까지 진행된 비핵화 프로세스는 미국의 중간선거라는 변수가 작동했다. 트럼프 미국 대통령은 스스로 평가하기를 ‘북핵 문제는 잘 관리가 되고 있다’ ‘미국의 안전을 위협하는 북한 행동들은 통제 가능한 위협 범위 내로 들어왔다’고 했다. 시간은 미국편이라고 말하기도 했다. 하지만 중간선거 전에 초기 비핵화 조치를 교환하고 이에 상응하는 조치를 취할 경우 역풍이 불 수 있다는 우려를 한 것 같다. 따라서 트럼프 대통령은 비핵화 모멘텀을 유지하려는 차원에서 내년 1월쯤 미북 정상회담을 하겠다고 한 것 같다.  트럼프의 중간선거용 포석이었다는 뜻이다. 중간선거 직후에 미북 고위급 회담을 하겠다고 한 것 자체가, 날짜를 너무 급하게 잡아놓은 듯했다.지금은 중간선거 결과가 나왔으니 새로운 포석을 까는 것 아닐까 싶다. 미북 고위급 회담 연기는 미북이 지금 당장 만나서 의미 있는 진전을 이루기가 어렵다고 판단했기 때문일 것이다. 하원을 민주당이 장악하면 중요한 외교 결정과 관련해서 여러가지 절차를 밟아야 할 수도 있다. 상임위원장 같은 게 민주당 쪽으로 넘어갈 수도 있는데 이러한 환경 변화가 간단한 변화는 아니다. 미북 고위급회담 연기는 상황변화를 종합적으로 고려한 새로운 포석을 깔고, 새로운 협상을 해보겠다는 의미 같다."" ◇남궁영 한국외대 교수""상원은 공화당, 하원은 민주당이 가져갔다. 트럼프 대통령의 미국 정치 장악 능력이 그동안의 예상 수준이었다는 걸 보여준다. 현재까지는 상·하원을 모두 공화당이 장악하고 있었기 때문에 트럼프 대통령이 대북정책을 전개하기 상당히 수월했다. 하지만 지금의 선거 결과에 공화당 내 정치 엘리트들의 트럼프식 대북정책에 대한 반감을 고려하면 앞으로 트럼프는 상당한 도전에 직면할 것 같다. 공화당 내 정치 엘리트들은 트럼프의 대북 정책에 대해 ‘상당히 과시적이고 성공적인 결과처럼 접근한다’ ‘지나치게 긍정적인 평가’라고 봐왔다. 나는 이런 분석이 맞다고 본다. 중간 선거 결과에 따라 트럼프 대통령의 자의적 평가대로만 대북 정책을 추진하기는 어려워질 것이다. 또 국내 정치적으로 트럼프 행정부의 국정에 미치는 영향도 살펴봐야 한다. 공화당이 상·하원을 모두 장악했을 때는 부정적 평가를 차단할 수 있었지만, 이제는 그게 어려워졌다. 국내의 도전을 무시할 수 없게 됐다. 이런 의견 차이를 넘어서서 대통령만의 힘으로 대북 정책 추진은 한계에 직면하게 될 것이다."" ◇남성욱 고려대 교수""이번 중간선거에서 민주당이 하원 다수당이 됨에 따라 트럼프 대통령의 대북 노선이 견제를 받게 됐다. 민주당 다수인 하원, 의회라는 시어머니가 생긴 것이다. 관리·감독이 강화되니까 트럼프 대통령의 ‘쇼’도 견제가 들어갈 것이다. 당장 미북 고위급 회담 연기도 이번 중간 선거 결과와 무관하지 않아 보인다. 의례적이고 형식적인 만남에 대해 하원 차원의 관리·감독이 강화되니까, 균형을 잡은 것이다. 이에 따라 정상회담도 조금 딜레이 되거나 불확실성이 높아졌다. 그동안 민주당도 ‘대화를 통한 문제 해결’이 기본 구조였으니 한번 두고 보자는 식이었는데 북한을 너무 봐주는 스타일로 가니까 견제의 필요성을 느끼고 있다.트럼프 대통령이 상·하원 선거에서 모두 다 이겼다면 미북 고위급 회담을 연기할 리가 없다. 고위급 회담을 한다고 해서 대박이 나는 것도 아니고, 급한 것도 아닌데 고위급 회담을 하자마자 성과가 없으면 당장 하원에서 얘기가 나올 것이다. 트럼프 대통령도 말은 거창하게 하지만 속으로는 변수를 생각할 수밖에 없을 것이다."" ◇남주홍 경기대 교수""민주당은 북한 인권에 대해 공화당보다 훨씬 강경한 입장이다. 아마 북한 인권결의안에 대해서도 더 강경한 태도를 보일 것 같다. 앞으로 미북 정상회담을 하든 고위급 회담을 하든 북한 인권 문제에 대해 압박을 가할 것이다. 과거 민주당이 하원을 차지했을 때를 보면 북핵 문제와 관련해 강경한 태도를 보였다. 클린턴 행정부 때 민주당은 북한 영변 폭격론을 주장하기도 했다. 따라서 만약 2차 미북 정상회담이 열린다면 지난 6월 싱가포르 회담 때처럼 두루뭉술한 합의를 또다시 하긴 어려울 것이다.미북 고위급 회담 연기는 미북 정상회담도 연기됐다는 의미다. 김정은의 서울 답방, 종전선언도 연내에는 어려울 것 같다. 또 미북 고위급 회담이 선행되지 않으면 남북 간 4차 정상회담을 하기도 어려워진다. 실무회담이 연기된 상황에서 남북 관계를 가속하면 한미 균열이 걷잡을 수 없이 커지기 때문이다. 미북이 서로 공을 떠넘기는 상황에서 우리가 할 수 있는 중재 역할은 없는 것 같다. 한미공조 이외에는 대안이 없다. 폼페이오 장관은 지난번 4차 방북 때도 방북을 한 번 취소한 적이 있다. 당시 북한은 핵 물질, 핵무기 신고 목록은 제출하지 않으면서 제재 해제를 요구했었는데, 이에 대한 경고의 메시지로 폼페이오 장관이 방북을 취소했었다. 그렇게 이끌어낸 게 영변 핵시설 불능화와 풍계리 핵실험장 폭파 현장에 전문가를 보내는 것이었다. 이번에도 북측이 제재 해제를 먼저 요구할 가능성이 있기 때문에, 반드시 핵 신고 목록을 가져오라는 강력한 메시지를 미국이 보낸 것 같다."" ◇신범철 아산정책연구원 안보통일센터장""이번 미북 고위급 회담 연기는 중간선거 결과와는 큰 관련이 없는 것 같다. 최근까지 미국은 대화를 밀어붙이고, 북한도 어느 정도 호응하려고 마음을 먹었던 것 같다. 싱가포르 정상회담 당시 ‘4개 항 합의’ 언급은 미국이 북한을 배려한 것이다. 문제는 폼페이오 국무장관이 검증을 강조했다는 점이다. 검증을 강조하다 보니 북한이 부담을 갖게 됐다. 결국 검증과 관련해 북한의 준비가 덜 됐다. 이번 고위급 회담 연기는 중간 선거 이후 미국의 정세를 살펴보려는 의도도 있다. 이달 중순 파푸아뉴기니에서 열리게 될 APEC을 전후로 김정은이 푸틴 러시아 대통령을 만나는 것도 변수다. 이런 것들을 고려해서 북한이 고위급 회담을 연기한 것이다.이번 중간 선거 결과 하원에서 민주당이 다수가 됐기 때문에 대북 정책을 좀 더 까다롭게 가져갈 가능성이 크다. 트럼프 대통령이 대북 정책의 전선을 흔드는 행동을 의회가 견제할 수 있다. 또 그동안 미북 대화에서 빠져 있던 북한 인권 문제도 거론할 수 있다. 청문회와 예산 등의 수단을 동원해 이런 견제가 들어갈 수 있다. 다만 현 대북 정책에 대한 민주당과 공화당의 유대감이 기본적으로 있기 때문에 대북 정책에서 아주 큰 변화는 없을 것으로 본다."" ◇제임스 김 아산정책연구원 워싱턴 사무소장""향후 미국 정치는 민주당 다수인 하원이 청문회나 각종 조사 등을 통해 트럼프 정부 움직임에 제동을 거느냐에 따라 달라진다. 트럼프 내각의 비리 문제나 트럼프 가문에 대한 비리 문제 등을 부각시키며 정부에 대한 집중 견제에 나설 가능성이 크다. 조사가 본격화되고 청문회가 열리게 된다면 트럼프 행정부의 국정 운영은 복잡해질 수밖에 없다. 대통령이 주재하는 회의가 모두 그런 문제로 덮힌다. 트럼프 정부 대외정책 집중력은 떨어질 가능성이 크다.다만 이번 미북 고위급 회담 연기와 중간 선거는 직접적인 연결이 없다고 본다. 실무 차원에서 북측과 미 국무부 간 대화가 진행됐는데 이뤄지지 않았다. 이번 회담의 의제나 목적에 대한 미북의 거리감을 보여준다. 중간선거 결과에 따라 단기적으로 바뀌는 것은 없다고 본다. 다만 북측의 대응이 어떨지가 관심사다. 북한이 미국을 향해 대북 문제 관심도를 높이기 위해 도발을 할 가능성도 있다. 북한이 도발했을 때 트럼프 행정부가 어떻게 대응할까. 강경과 부드러운 대응 두 가지 카드가 있는데, 지지율이 떨어진 트럼프 행정부가 후자로 갈 가능성은 없다. 지지율을 높이기 위해 강경 대응으로 갈 것이다."""
"南北, 전염병 정보 교환 시범 사업 실시 합의",2018-11-07 18:26,정치," 남북은 7일 전염병 확산 방지를 위한 전염병 정보 상호 교환 시업사업을 실시하기로 합의했다.남북은 이날 개성 남북공동연락사무소에서 보건분야 협력회담을 개최해, 결핵과 말라리아 등 전염병의 진단과 예방치료에 협력하기로 했다.이날 오전 10시부터 진행된 보건회담에는 남측에서 권덕철 보건복지부 차관과 권준욱 복지부 건강정책국장, 김병대 통일부 인도협력국장이 참석했다. 북측에선 박 원장 외에 박동철 보건성 부국장, 박철진 조국평화통일위원회 참사가 나왔다.양측이 이날 발표한 공동보도문에 따르면, 남북은 먼저 전염병 유입과 확산 방지를 위해 쌍방 사이의 정보교환과 대응체계 구축문제들을 협의하고 기술협력 등 필요한 대책들을 세워나가기로 했다. 구체적인 방안으로 올해 안에 전염병 정보교환을 시범적으로 실시하기로 했다.남북은 또 결핵과 말라리아를 비롯한 전염병들의 진단과 예방치료를 위해 서로 협력하며 이를 위해 제기되는 실무적 문제들은 문서교환 등을 통해 협의해 나가기로 했다. 포괄적이며 중장기적인 방역 및 보건의료협력 사업도 앞으로 적극적으로 추진하기로 했다.남북이 보건 관련 회담을 여는 것은 ‘10·4선언’ 직후인 2007년 12월 남북보건의료·환경보호협력분과위원회 이후 11년 만이다."
남북 연내 전염병 정보교환 대응체계 구축 합의…보건의료분야 협력 ‘물꼬’,2018-11-07 17:43,테크," 남과 북이 올해 안으로 전염병 정보를 교환해 교류 확대에 따른 질환 확산을 방지하는 대응체계를 구축하기로 합의했다.남북은 7일 개성 남북 공동연락사무소에서 보건의료 분과회담을 열고 남북 주민의 생명과 건강을 지키기 위한 첫 시작으로 전염병 정보 교환 시범사업을 추진한다고 밝혔다. 이날 우리측 수석대표는 권덕철 보건복지부 차관과 김병대 통일부 인도협력국장, 권준욱 보건복지부 건강정책국장 3명이, 북측은 박명수 보건성 국가위생검열원장과 박동철 보건성 부국장, 박철진 조국평화통일위원회 참사 3명이 참석했다.남북은 앞으로 전염병 유입 및 확산 방지를 위해 상호정보 교환과 대응체계 구축을 위해 기술 협력을 추진할 계획이다. 특히 결핵과 말라리아를 비롯한 전염병의 진단과 예방을 위한 실무적인 협의사항은 문서 교환을 통해 협의하기로 했다.남북은 전염병 정보교환을 올해 안으로 우선 추진할 예정이며, 남북공동연락사무소를 통해 정례적으로 협의하기로 했다. 중장기적인 방역 및 보건의료협력사업도 다양한 방법으로 공동 추진한다.박명수 북측 보건성 국가위생검열원장은 ""이번 회담은 북남 보건의료 분야에서 처음으로 진행된 대화였지만 쌍방이 생명을 위협하는 각종 전염병으로부터 겨례의 생명과 건강을 지키려는 의지를 확인하고 합의를 이룩했다""고 말했다.권덕철 복지부 차관은 ""결핵 말라리아 등 시급한 전염병 정보교환을 실시하는 것은 교류 활성화 시 큰 밑거름이 될 것""이라면서 ""보건 당국자 간 자주 만나서 합의사항을 실천한다면 남과 북 주민 건강이 더욱 증진되고 다른 분야 협력의 기반이 될 것이다""라고 밝혔다."
"안민석 ""내년 BTS 평양 공연 추진…관계국 눈치 안 보면 가능""",2018-11-07 16:53,사회," 국회 문화체육관광위원회 위원장인 더불어민주당 안민석 의원이 내년 아이돌그룹 방탄소년단(BTS)의 평양 공연을 추진할 계획이라고 밝혔다. 안 의원은 7일 KBS 라디오 '정준희의 최강시사'에 출연해 ""당내 남북문화체육협력특별위원회에서 내년 정도에 BTS의 평양 공연을 추진하려고 한다""고 말했다. ""평양 공연 추진 가능성이 높은가""라는 질문에 안 의원은 ""관계국의 눈치를 보지 않고 남북이 협력하면 가능한 일이다. 모든 길을 만들어가겠다""며 ""큰 틀에서 제재가 풀리기 전까지 문화·예술 교류를 남북이 힘 모아서 열심히 하는 것이 민족적 과제라고 보고 있다""고 했다. 안 의원은 ""특위에서 남북 공동올림픽 개최가 성사될 수 있도록 노력하고 싶다""며 ""지난주 남북이 국제올림픽위원회(IOC)에 공동올림픽 개최 의향서를 보냈다. 이번에 북한을 방문해 의견을 표명했고 북쪽도 충분히 공감했다""고 밝혔다. 안 의원은 지난달 4일 남북문화체육협력특위 위원장 자격으로 평양을 방문했다. 안 의원은 ""그 의향서를 보내자는 제안은 사실 북측에서 먼저 한 것""이라며 ""조만간 남북공동올림픽 유치위원회가 구성될 것 같다""고 했다. 개최 시기와 도시에 관련한 질문에는 ""2032년 남북공동올림픽 개최지 선정이 2021년에 되도록 하는 게 목표""라며 ""개최 도시는 서울과 평양이 될 것으로 본다""고 했다."
[마켓뷰] 북미 고위급 회담 '노란불'에 코스피지수는 '파란불',2018-11-07 16:19,증권," 미국 중간선거 개표만 지켜봤는데, 사고는 다른데서 터졌다. 미국 중간선거 개표 결과가 예상대로 나오면서 순탄하게 오르던 증시는 북미 고위급 회담 연기 소식에 하락 전환했다.그간 북한과 미국 사이 고위급 회담 소식은 한국 증시에 호재로 작용해왔다. 지난달 31일(현지시간) 마이크 폼페이오 미 국무장관이 폭스뉴스와 인터뷰에서 ""다음주 북·미 고위급 회담을 가질 것""이라고 밝히면서 남북 경협 수혜주는 일제히 상승 흐름을 보였다. ◇ 북미 고위급 회담 연기 소식에 하락장 전환이날 코스피지수는 전날보다 0.52%(10.93포인트) 하락한 2078.69에 장을 마쳤다. 투자자별로 기관과 외국인이 팔자세를 보였다. 개인이 966억원 사들인 반면, 외국인과 기관은 각각 612억원, 633억원 순매도를 기록했다. 투자자들의 관심을 모았던 미국 중간선거는 예상대로 상원은 공화당, 하원은 민주당이 다수당을 차지하는 것으로 윤곽이 잡혔다. 강보합권에 머물던 증시는 무리없이 상승장을 지켜나가는 듯했다. 다만 오후 2시쯤 내일(8일) 예정돼 있던 북미 고위급 정상회담 연기 소식이 알려지면서 코스피지수는 곤두박질쳤다. 서상영 키움증권 연구원은 ""북미 고위급 회담이 연기되면서 북한 관련주의 변동성이 커졌다""고 분석했다. 유가증권시장에서 남북경협주가 포진돼 있는 업종이 내림세를 탔다. 기계가 3.40%, 비금속광물이 3.24%, 운송장비가 1.40% 하락했다. 현대엘리베이(017800)가 7.84%, 현대로템(064350)이 6.25% 내렸다. 이날 증권주는 주식거래세 폐지를 검토할 수 있다는 최종구 금융위원장 발언에 장초반 3%대 상승세를 보였지만, 오후 들어 기획재정부가 사실이 아니라고 반박하면서 상승분을 반납해 1.03% 오른 채 장 마감했다. 시가총액 상위 종목은 혼조세를 보였다. 대형주 삼성전자(005930)와 SK하이닉스(000660)는 0.57%, 1.00% 오른 반면 셀트리온(068270), 삼성바이오로직스, LG화학, POSCO는 하락세를 탔다. 이날은 우선주 급등 현상도 나타났다. 금호산업우, 덕성우, 성문전자우 등이 29%대 상승세를 보였다. ◇ 연기금 펀드 대량 환매...코스닥 낙폭 키워이날 코스닥지수는 코스피지수보다 하락 폭이 컸다. 코스닥지수는 1.33%(9.18포인트) 하락한 682.37% 하락했다.기관의 팔자세가 돋보였다. 이날 기관은 1729억원을 순매도했다. 특히 연기금이 나홀로 1000억원대 순매도세(1326억원)를 보이며 낙폭을 키웠다. 연기금은 이날 펀드를 대량 환매한 것으로 알려졌다. 개인은 1766억원 순매수, 외국인은 109억원을 순매도했다. 업종별로는 디지털컨텐츠가 3.17%, 오락문화가 2.99%, 건설이 2.58% 내렸다. 유가증권시장과 마찬가지로 대북 경협주들이 부진한 모습을 보였다. 좋은사람들이 7.67%, 대아티아이가 7.52%, 제룡전기가 6.01% 내렸다.시가총액 상위 종목은 대부분 내림세였다. 대형주 셀트리온헬스케어가 3.18%, 스튜디오드래곤이 3.08% 내렸다. 반면 에이치엘비는 5.29% 올랐다.한편 3분기 ‘어닝 쇼크’를 기록한 컴투스##는 투자자들의 실망감에 11.82% 하락했다. 어닝쇼크란 영업이익이 증권시장 예상치(컨센서스)보다 10% 이상 밑도는 경우를 말한다."
"北 ""남녘에서 절세위인 김정은 흠모 목소리 끊임없이 울려""",2018-11-07 14:39,정치," ""절세위인을 높이 모신 한없는 민족적 긍지와 자부심이 삼천리에 차넘치는 속에 남녘 땅에서도 흠모의 목소리가 끊임없이 울려 퍼지고 있다.""북한의 대외 선전 매체 ‘메아리’는 7일 남북 정상회담의 성과를 재조명하며 남측에서 김정은 북한 국무위원장에 대해 높게 평가한다고 보도했다.메아리는 이날 ‘천출위인을 모시여 민족의 앞날은 밝고 창창하다’라는 제목의 글에서 ‘김정은위원장은 파격적이고 솔직한 발언과 대담하고 거침없는 행동, 림기응변과 유모아감각 등 예상을 뛰여넘는 탁월한 외교술로 북남수뇌회담들을 세기적인 회담으로 성공시키시였다’ ‘김정은위원장은 북남수뇌회담들을 통하여 국제질서를 주도할수 있는 전략적이고 능숙한 지도자이라는것을 남김없이 보여주시였다’ 등의 보도가 나왔다면서 이같이 전했다.메아리는 ""정녕 이 땅에 평화와 번영의 새 력사를 열어놓으신 경애하는 원수님이시야말로 우리 민족모두가 따르고 높이 받들어모셔야 할 민족의 위대한 태양""이라며 ""그이(김정은)의 말씀을 새겨안는 온 겨레가 민족적화해와 평화번영에 대한 민족의 념원을 풀어주실분은 경애하는 원수님뿐이시라는 확신을 가다듬었다""고 했다.이어 ""경애하는 원수님께서 ‘9월평양공동선언’을 발표하시는 자리에서 하신 말씀은 또 얼마나 우리 겨레의 심금을 울려주었던가""라며 ""판문점선언 리행의 풍성한 수확을 안고 역사적인 선언에 서명하신 대하여 언급하시면서 선언에는 새로운 희망으로 높뛰는 민족의 숨결이 있고 강렬한 통일 의지로 불타는 겨레의 넋이 있으며 머지않아 현실로 펼쳐질 우리모두의 꿈이 담겨져있다고 뜨겁게 말씀하신 경애하는 원수님""이라고 했다.그러면서 ""지금 온 겨레는 조국과 민족의 운명에 대한 숭고한 사명감을 새겨안으시고 불면불휴의 정력적인 활동으로 북남관계와 조미관계에서 격동적인 사변들을 펼쳐가시는 경애하는 최고령도자 김정은 원수님을 우러르며 다함없는 경모심을 금치 못하고 있다""며 ""조선반도에 펼쳐진 오늘의 경이적인 현실은 명실공히 희세의 위인이시며 조국통일의 구성이신 경애하는 원수님을 모시여 이룩된 빛나는 결실""이라고 했다.메아리는 또 이날 주한미군 철수를 주장하는 단체의 시위도 함께 보도했다. 메아리는 ‘남조선청년들 미군철수를 요구하는 투쟁 전개’라는 글에서 ""얼마전 남조선에서 ‘분렬적페, 미군철수 반미원정대’소속 청년들이 평택미군기지앞에서 기자회견을 가지고 미군철수를 요구하였다""면서 ""그들은 미군은 우리 국민들을 지키는 ‘우방’이 아니라 해를 입히는 범죄집단이라고 성토하였다""고 썼다.메아리는 ""(이들 단체는)미군기지가 있는 곳마다 땅이 오염되고 있다고 하면서 미국대사관은 물론 넓은 평택미군기지도 임대료를 한푼도 내지 않고 사용하는데 대해 단죄하였다""면서 ""미국이 남조선의 내정에 간섭하며 자주통일, 평화번영을 위한 남과 북의 노력에 찬물을 끼얹고있다고 비난하였다""고 했다.그러면서 ""끝으로 그들은 범죄집단이며 평화와 통일의 훼방군인 미군을 철수시키고 민족자주와 민족자결의 원칙을 재확인한 평양공동선언을 리행하여 평화번영과 나라의통일을 이룩하자고 호소하였다""고 덧붙였다.북한은 남북정상회담 이후 주한미군 주둔과 관련해 ‘인정한다’는 입장을 밝혀왔다. 하지만 이날 보도에서 주한미군 주둔 문제를 언급하며 남북 관계의 장애물로 부각시켰다. 이와 관련해, 북측이 종전선언을 추진하는 과정에서 주한미군 주둔에 대해 문제를 제기하는 것 아니냐는 관측이 나온다."
"[SC현장] ""1일1막 원칙""..이혜영→유리 보여줄 '지붕위의막걸리' 진짜 '소확행'(종합)",2018-11-07 14:29,연예," [스포츠조선 문지연 기자] '지붕 위의 막걸리'는 '술'을 배경으로 한 소확행의 아이콘이 될 수 있을까. 7일 오후 서울 영등포구 타임스퀘어 아모리스홀에서 채널A 새 예능 프로그램 '지붕 위의 막걸리' 제작발표회가 진행됐다. 행사에는 이혜영, 이종혁, 손태영, 김조한, 유리, 김군래 담당 PD가 참석했다. '지붕 위의 막걸리'는 막걸리를 사랑하는 주당 연예인들이 모여 자연 속에서 막걸리를 빚으며 '소확행'을 만들어 가는 국내 최초 신개념 막걸리 예능 프로그램이다. 이혜영, 이종혁, 손태영, 김조한, 유리 등이 출연한다. 출연진은 기자간담회에 앞서 막걸리를 직접 내리는 시연을 했다. 포토타임부터 남달랐다. 막걸리 잔을 들고 촬영에 임했고 이종혁은 실제로 '원샷'을 하는 등 '지붕 위의 막걸리'만의 분위기가 묻어났다. 김군래 PD는 ""기획은 우연한 기회에 찾았던 한 주점에서 접한 막걸리가 굉장히 저에게 충격이었다. 기존에 먹던 막걸리와는 다르고 첨가물이 없고 찾아가는 양조장이라는 네이밍이 있었다. 양조장을 찾아갔는데 부부가 술을 빚고 있었는데 행복해보이더라. 그게 올해 트렌드인 '소확행'의 모습이지 않을까 싶었다. 술을 사랑하는 사람들이 모여 술을 빚는 모습을 담으면 어떨까하는 생각으로 시작했다. 막걸리는 우리 술 중 가장 기본적 술이다. 몇백가지를 만들어낼 수 있을 정도로 매력이 있는 술이다. 시청자가 쉽게 만들 수 있는 술이었으면 좋겠다고 생각했고, 나만의 술을 빚으면 좋겠다는 생각으로 했다""고 설명했다. 프로그램이 여러 회차로 진행하기 위해서는 테마가 필요할 것. 김 PD는 ""1일 1막이 규칙이다. 매회 한 개의 막걸리를 빚는다. 몇백회까지 갈 수 있지 않을까 생각한다. 출연자들이 직접 빚은 막걸리는 기존의 막걸리 맛과 전혀 다른 맛이다. 이런 다양한 막걸리들을 시청자들에게 보이고, 우리 전통주가 소외돼 있는데 2009년 이후 막걸리 붐을 일으키고 싶다""고 포부를 밝혔다. 전혀 다른 다섯 명의 스타들은 어떻게 모이게 됐을까. 김 PD는 ""캐스팅 원칙은 술을 사랑하는 사람이라고 생각했다. 기존 리얼리티에서 일적으로 모여서 같이 사는 게 아니라 내가 사랑해야 시청자들이 볼 때 애정이 있어야 한다고 생각했다. 술을 사랑하는 것이 원칙이라고 생각했다. 다섯 명이 환장 케미를 볼 수 있을 거다""고 설명했다. '술'이 기본이 됐기 때문일지, 다섯 명의 멤버들은 이미 많이 친해진 모습. 이 때문에 멤버들 중 '주당'을 뽑는 것에서도 거침이 없었다. 멤버들이 뽑은 주당은 이혜영. 유리는 ""혜영언니랑 종혁오빠다. 두 분 중 고민을 했는데 혜영언니는 일어나서부터 잠들기 전까지 술을 참 잘 드시기도 하고 잘 만드시기도 한다. 그래서 제가 저도 술 좋아하고 그러는데 늘 술이 뭔가 한잔이 너무 마시고 싶다고 하면 혜영언니는 이미 행동으로 하시더라. 멋진 여자라고 느꼈다""고 말했고, 김조한도 ""저는 술을 좋아하지만 아침 술은 안 먹는다. 촬영하고 바로 아침술을 마시니 놀랐다""고 감탄했다. 이에 이혜영은 ""저는 그게 아니라 막걸리가 자꾸 말을 시킨다. 시간과 온도에 따라 얘가 변한다. 처음엔 몰라서 다같이 맛보다가 실망한 술이 있는데 어느 날 아침에 마셔볼까 하고 마셨는데 너무 놀랐다. 확 달라진 맛으로 저희를 모두 흘분시켜서 놀란적이 있다. 궁금함에 먹다 보니 이런 오해가 생겼다""고 해명했지만, 멤버들 중 '주당'임에는 틀림이 없었다. 멤버들이 초대하고 싶은 스타는 누가 있을까. 김조한은 프로우식과 제시를 꼽았고 유리는 주당인 신동엽을 언급했다. 또 이종혁은 김연아를 언급해 시선을 모았다. 여기에 이혜영은 ""나중에 남북 정상회담 할때 저희 막걸리가 건배주가 됐으면 하는 것이 바람이다""고 말하며 시선을 모았다. 이종혁은 마지막으로 ""막걸리라는 것이 만들면서 알지만, 상황에 따라 온도에 따라 천차만별의 맛이 되더라. 저희 인생도 그런 거 같다. 저희도 살다 보면 원하는 대로 되지 않고 달라지지만, 인생과 같다. 막걸리도 그런 술이다. 지금은 빨리 가서 저희가 전에 담근 막걸리를 맛보고 싶은 마음이 생길 정도다. 저희의 결과물을 맛보고 서로 눈도 마주치면서 맛있게 잘 빚었다는 대화를 나누고 싶은 생각이다""고 말했다. 이혜영은 ""1회를 보면 2회가 기대되는 프로그램일 거 같다. '저런 게 있었나' 싶을 정도로 언제 어디서 저를 찍는지 모를 정도로 재밌고 설레게 기다리고 있다. 저희 다섯이 마음이 잘 맞고 합동한다는 것이 특징이다. 합동해서 뭔가를 하는 것이 없지 않나. 친구들과 함께 술을 마셔볼까하는 생각으로 누군가와 함께하는 시간이 되면 좋겠다""고 말했다. 김조한은 ""혼자도 해보고 같이도 해봤는데 같이 할 때가 더 재밌더라. 마실 때도 그랬다. 저희가 직접 만들기 때문에 여러분들도 방송을 보시면서 집에서도 '우리도 할 수 있다'고, 해프닝처럼 집에서 가족들과 함께 만들어보시는 것도 좋을 거 같다""고 말했다. 김 PD는 ""프로그램을 하면서 이렇게 감격스러운 적이 있었나 싶을 정도로 다섯 분에게 감사한다. 각자의 집에 김치맛이 다르듯, 막걸리도 누가 빚느냐에 따라 다를 수 있다. 1가정 1막걸리가 될 수 있었으면 좋겠다""고 말해 기대를 높였다. '지붕위의 막걸리'는 7일 첫 방송 후 매주 수요일 오후 11시 전파를 탄다. lunamoon@sportschosun.com"
"""文대통령, TV보고 권구훈 북방경협위원장 발탁""",2018-11-07 14:23,정치," 권 위원장, 골드만삭스 이코노미스트직 유지…""아직 남북경협 못해서 이해상충 안된다""문재인 대통령은 7일 대통령직속 북방경제협력위원회 권구훈 신임 위원장에게 위촉장을 수여했다.김의겸 청와대 대변인은 이날 오전 춘추관 브리핑에서 이같이 전하며 ""권 위원장님은 문 대통령이 직접 추천해서 발탁했다""고 설명했다. 김 대변인은 ""개인적 인연이 있는 것은 아니고, 지난 여름휴가 때 대통령이 책 ‘명견만리’를 읽었다고 소개했는데 문 대통령이 책 말고 TV에서 직접 ‘명견만리’를 보고 권 위원장님의 강연에 감명을 받아 기억하고 있다가 이번에 북방경제협력위원장으로 인사수석실에 추천했고, 검증을 거쳐서 (권 위원장이) 오늘 이 자리에 서게 됐다""고 덧붙였다.권 위원장은 이날 춘추관 브리핑에서 인사말을 통해 ""이제는 그동안 구축되어 온 북방정책 추진체계와 국제협력 네트워크를 충분히 활용하여 보다 구체적이고 실질적인 성과를 거두어야 하는 내실화 단계로 들어가고 있다""며 ""저의 IMF(국제통화기금)와 골드만삭스에서의 경험이 북방정책의 내실화에 충분히 녹아들어갈 수 있도록 노력하겠다""고 말했다. 이어 ""대통령님께서 추진하시고 계신 한반도 평화를 바탕으로 한 새로운 경제지도, 새로운 공간과 기회의 확장이라는 비전의 실현에 기여할 수 있도록 북방위원회의 본래 목표인 대통령님에 대한 자문기능을 보다 충실하게 수행할 수 있는 방안에 대해 고민하겠다""고 덧붙였다. 권 위원장은 현재 골드만삭스 아시아담당 선임 이코노미스트로 일하고 있다. 정부 인사 규정과 골드만삭스 사규상 겸직이 가능해 권 위원장은 골드만삭스에 있는 적을 유지한다는 입장이다.이와 관련 북방경제협력위 관계자는 이날 브리핑 후 기자들과 만나 권 위원장이 북방경제협력위원장직과 골드만삭스 아시아 담당 선임 이코노미스트를 겸할 경우 이해상충 문제가 생기지 않느냐는 취재진의 문제제기를 수긍하면서도 ""지금은 사실은 북한하고 (경협을) 못하고 있어서 지금은 (이해) 상충이 안된다""고 했다. 이어 ""만약에 남북관계가 좋아지게 되서 북방경제협력위가 엄청나게 바빠지고, 그래서 이해상충 문제를 현재의 문제로 제기할 정도가 되면 다시 생각해야할 것""이라며 ""골드먼삭스에서도 한달 정도 이 문제를 검토했고, 숙고후 오케이(OK)된게 지난주 금요일""이라고 덧붙였다."
11년만에 남북 보건의료협력 논의…오늘 개성서 회담,2018-11-07 08:50,테크," 남북 보건의료 분야 협력을 논의하기 위한 분과회담이 7일 개성에서 열린다. 권덕철 보건복지부 차관은 7일 오전 개성공단 내 남북공동연락사무소에서 열리는 남북 보건협력 분과회담을 앞두고 ""남북이 감염병 유입 방지와 보건의료 협력에서 성과를 낼 수 있도록 충실히 회담에 임하겠다""고 밝혔다.권 차관은 이날 출발 장소인 서울 삼청동 남북회담본부에서 ""2007년에 이 분야에서 협력이 이뤄졌는데 11년 만에 다시 회담이 열린다는 점에서 의미가 크다""며 ""앞으로 남북이 보건의료 분야에서 교류가 확대되는 것에 대비해 상호 긴밀한 협의가 필요하다""고 말했다. 이번 회담에는 남측에서 권 차관과 권준욱 보건복지부 건강정책국장, 김병대 통일부 인도협력국장 3명이 대표단 자격으로 참석하고 북측에서는 박명수 보건성 국가위생검열원 원장 등 3명이 회담에 나올 예정이다. 남북이 보건협력과 관련해 회담을 여는 것은 2007년 12월 남북보건의료·환경보호협력분과위원회 이후 11년 만이다.이번 회담에서는 전염병 유입 및 확산방지가 주로 논의될 예정이다. 결핵, 말라리아 등 주요 전염병 확산 방지를 위해 의약품·의료장비를 대여하는 협력 방안과 더불어 모자보건을 위한 지원책이 논의될 것으로 예상된다. 다만 북한의 의료용품 생산공장 신설이나 현대화 등 물질적인 지원은 대북 제재로 인해 어려울 것으로 관측됐다. 정부는 앞서 회담 일정을 공개하면서 ""전염성 질병 공동대응체계 구축을 위한 논의를 개시하고 중장기적 관점에서 단계적으로 남북보건의료 협력 방안을 모색해 나감으로써 '한반도 건강공동체'구현에 노력하겠다""고 밝힌 바 있다."
[플라자] 한국과학기술단체총연합회·한국기술혁신학회 포럼 개최 외,2018-11-07 03:37,사회, ▲한국과학기술단체총연합회(회장 김명자)와 한국기술혁신학회(회장 고영주)는 7일 오후 3시 제주 한화리조트 한라세미나실에서 '과학기술 기반 지속 가능 혁신성장의 전략과 의제'를 주제로 포럼을 연다.▲동북아공동체연구재단(이사장 이승률)은 7일 오후 5시 30분 서울 광화문 TV조선 씨스퀘어빌딩 1층 스페이스 라온에서 북방경제협력위원회 초대 위원장을 지낸 송영길 더불어민주당 의원을 초청해 '문재인 정부와 북방 경제 협력-남북 경협을 중심으로'를 주제로 특별 강연회를 연다.
"김정은 ""核리스트 주면, 美의 공격 타깃 된다""",2018-11-07 03:26,정치," 김정은 북한 국무위원장이 남북 정상회담 당시 문재인 대통령에게 ""북·미 간 신뢰가 아직 구축되지 않은 상황에서 핵물질·무기, 운반 수단의 리스트를 신고하라는 것은 우리 입장에서 보면 공격 목표 리스트를 제출하라는 것과 마찬가지""라고 말했다고 6일 정의용 청와대 국가안보실장이 밝혔다.정 실장은 이날 국회에서 열린 청와대 국정감사에서 ""문 대통령이 3차 남북 정상회담 이후 미국을 방문했을 때 현지 언론 인터뷰에서 김 위원장이 한 얘기를 소개한 적이 있다""며 이같이 말했다. 정 실장은 ""북한도 핵 리스트 신고를 매우 중요한 (비핵화) 단계라고 인식하고 있다""며 ""다만 (신고) 절차들은 당사자 간 확실한 신뢰 조치가 먼저 구축돼야 한다""고 말했다. 또 종전 선언에 관해선 ""가급적 약속한 대로 올해 안에 종전 선언이 가능하도록 관련국들과 협의를 진행하고 있고, 형식에 대해서도 상당히 오픈돼 있다""고 했다. 이를 두고 청와대가 실무급 차원의 종전 선언 가능성도 열어두고 있다는 해석이 나왔다.8일(현지 시각) 뉴욕에서 열리는 미·북 고위급 회담과 관련해서도 청와대는 미국이 취할 상응 조치를 향한 기대감을 드러냈다. 미 국무부는 5일 성명을 통해 ""마이크 폼페이오 국무장관과 김영철 북한 노동당 부위원장이 북한의 최종적이고 완전히 검증된 비핵화(FFVD)와 싱가포르 미·북 정상회담 공동성명의 4대 합의 사항 진전을 위해 논의한다""고 밝혔다.이와 관련, 김의겸 청와대 대변인은 ""국무부 보도 자료에 나온 '4개의 기둥(four pillars)'이란 단어에 주목할 필요가 있다""고 했다. '4개의 기둥'이란 싱가포르 회담 합의 사항인 ▲새로운 미·북 관계 수립 ▲한반도 평화 체제 구축 ▲한반도의 완전한 비핵화 ▲전쟁포로 유해 송환을 뜻한다. 김 대변인은 ""지금까지는 순서가 뒤에서부터 이뤄져 왔는데, 고위급 회담에선 1·2번 문제도 본격적으로 협상이 되는 게 아닌가 생각이 든다""고 했다. 종전 선언이나 연락사무소 설치, 제재 면제 등 미국의 상응 조치를 향한 기대감을 표한 것이다. 하지만 '4개의 기둥'은 미 국무부가 그간 정례 브리핑 등에서 싱가포르 회담을 언급할 때 자주 써온 말이다.미국이 최근 연일 '비핵화 검증'을 강조하는 만큼 이번 회담에선 풍계리 핵실험장과 동창리 미사일 엔진 시험장, 영변 핵시설의 사찰·검증 문제와 미국의 상응 조치, 2차 미·북 정상회담 시기·장소 등이 논의될 것으로 보인다. 지난 5월 말 뉴욕 고위급 회담 때처럼 김영철이 워싱턴으로 이동해 트럼프 대통령을 예방하고 김정은의 친서를 전달할 수도 있다.한편 김영철의 '오른팔'인 김성혜 노동당 통일전선부 실장과 리종혁 아시아태평양위원회(아태위) 부위원장 등 북한 대표단 7명이 오는 14~17일 경기도에서 열리는 국제 학술행사에 참석하기 위해 이날 방한 신청을 했다고 통일부가 밝혔다. 이들이 참석하는 '아시아태평양 평화번영을 위한 국제대회'는 일제의 강제동원 진상 규명을 촉구하고 아태 지역의 평화 교류를 논의하는 행사다. 박병광 국가안보전략연구원 책임연구원은 ""미·북 관계와 남북 관계 진전이 기대에 못 미치는 상황에서 북측의 생각을 전달하고 우리의 입장을 파악하려는 것 같다""고 했다."
"[사설] 남겨서 北 주려고 안 쓸 건설예산 12조 편성, 국민 기만이다",2018-11-07 03:20,오피니언," 정부가 올해와 내년도 교통시설특별회계 예산에서 사용하고 남은 12조원을 공공자금관리기금(공자기금)에 예탁할 계획이라고 한다. 교통시설특별회계는 도로·철도·공항·항만 확충을 목적으로 하는 사회간접자본(SOC) 전용 예산이다. 이 정부가 토목공사 중심의 SOC 투자를 줄이면서 막대한 잉여금이 발생하자 이를 공자기금 계정으로 옮겨두겠다는 것이다.정부는 올해 교통시설특별회계 예산으로 18조2400억원을 편성했다. 그런데 무슨 일인지 이 예산을 제대로 쓰지 않았다. 그 결과 도로·철도 등의 확충을 위해 쓰이는 교통시설특별회계 예산이 6조4000억원이나 남았다. 편성된 예산의 3분의 1 이상이 남은 것은 드문 일이다. 예산 잉여금은 내년도 세입(歲入)으로 넘기고 그만큼 새 예산 편성은 줄이는 게 정상이다. 그런데 정부는 이 돈을 공자기금에 예탁하고 내년도 예산을 또 5조6000억원 정도 남을 만큼 편성해 총 12조원을 공자기금에 예탁할 것이라고 한다.교통시설특별회계 잉여금을 공자기금에 넣어두는 것이 불법은 아니지만 제도가 도입된 이후 이렇게 큰 규모의 잉여금을 예탁한 전례가 없다고 한다. 더구나 공자기금에 들어간 돈은 국회의 개략적인 총액 심사를 거쳐 남북 협력기금 등 용도가 다른 회계나 기금으로 옮겨 사용할 수 있다. 실제 정부는 남은 돈을 감안해 내년도 예산을 삭감해야 한다는 국회 예산정책처 주장에 '대규모 인프라 사업, 남북 경협 등 향후 SOC 예산 수요 증가 등에 부응해야 한다'며 반대했다고 한다. 국내 철도·도로 확충에 쓰기 위해 국민 세금으로 조성한 예산을 남북 철도·도로 연결을 위해 돌려쓰겠다는 것이다.얼마 전 개성 남북 공동 연락사무소 개·보수 작업에 초기 비용 일부만 승인받은 뒤 실제로 100배가 넘는 돈을 쓰더니 이번엔 처음부터 쓸 생각이 없던 SOC 투자 예산을 편성했다가 일부러 남겨 그걸 북을 돕는 데 쓰겠다는 것 아닌가. 정부가 국민과 국회의 눈을 가리는 일을 예사로 하고 있다. 그런 배짱도 놀랍지만 그 규모가 어마어마해 충격적이다.다른 용도도 아니고 북한 집단을 지원하는 돈은 국회에서 철저하게 심사받아야 한다. 그래야만 국민적 정당성을 얻을 수 있다. 그런데 정부는 대북 지원 예산은 늘 이렇게 국민과 국회가 잘 모르게 운용한다. 북한이 실제로 핵을 포기하면 우리가 대북 지원에 나서야 할 수 있다. 그때 국민 동의를 얻기 위해서라도 이렇게 국민을 기만해서는 안 된다. 정부는 공자기금 예탁을 취소하라."
"""비서실장이 대통령 없을 때 폼 잡는 자리냐"" 임종석 국감 된 靑국감",2018-11-07 03:15,정치," 청와대 비서실에 대한 6일 국회 운영위원회 국감은 한동안 임종석 비서실장에게 질문이 집중되면서 '임종석 청문회'를 방불케 했다. 임 실장의 '비무장지대(DMZ) 시찰'을 놓고 야당의 비판이 집중되자 더불어민주당은 ""괜한 트집 잡지 마라""며 방어에 나섰다.임 실장은 문재인 대통령이 유럽 순방 중이던 지난달 17일 조명균 통일부 장관, 정경두 국방부 장관, 서훈 국정원장과 함께 강원도 철원의 남북 공동 유해 발굴 현장을 둘러보면서 일행 중 유일하게 선글라스를 낀 모습이 언론에 공개됐다.이른바 '선글라스 논란'에 대해 야당에선 ""권위주의 상징"" ""남북 관계 이슈를 선글라스가 덮었다""고 비판했다. 임 실장은 ""사실 제가 햇볕에 눈을 뜨질 못한다""며 ""작년 국군의 날, 아랍에미리트 방문 때, 현충일 행사 때도 끼었는데 이번에 오해를 받았다""고 해명했다.임 실장이 DMZ 시찰 때 국방부 장·차관 등을 대동한 것 등을 두고 김성태 한국당 원내대표는 ""대통령 다음 최고 권력자라는 것""이라고 했다. 정유섭 한국당 의원은 ""언론에 차기 대권주자로도 언급되는데 자기 정치 하려면 (비서실장 그만두고) 나와라""라고 했다. 임 실장은 ""남북공동선언이행추진위원회 위원장으로 현장을 점검하고 격려한 것""이라며 ""비서실장이 장관들을 대동했다는 표현은 적절치 않다""고 했다. 그러나 김 원내대표는 ""임 실장이 위원장이라는 걸 몰라서 묻는 게 아니다""라며 ""폼을 잡더라도 대통령 귀국 후에 잡았어야 했다""고 말했다.청와대가 임 실장 시찰 동영상을 인터넷에 배포하면서 GP(최전방 감시 초소) 통문(입구) 위치 등을 노출시킨 것도 문제가 됐다. 임 실장은 ""곧장 (동영상을) 수정하고 사과드렸다""며 ""그 점은 다시 이 자리에서 사과드린다""고 했다. 임 실장은 또 ""전교조와 민주노총이 더이상 사회적 약자라고 생각하지 않는다""며 ""민주노총은 이제 상당한 사회적 책임을 나눠야 하는 힘있는 조직""이라고 했다. ""전교조나 민주노총도 어려움이 있더라도 스스로 극복하며, 사회적인 협력 틀을 만들기 위해 힘써줬으면 한다""고도 했다.조국 민정수석의 국감 불출석도 논란이 됐다. 김성태 한국당 원내대표는 ""조 수석이 업무 때문에 못 왔다는데 자기 정치를 위한 SNS 할 시간 여유만 있다는 것이냐""고 했다. 임 실장은 ""(민정수석 불출석은) 국회 오랜 관행""이라고 답했다. ▲ '임종석 청문회'된 국감, 여야 공방…""비서실장이 대통령이냐"""
[전문기자 칼럼] 날개 없이 추락하는 한국 防産,2018-11-07 03:15,오피니언," ""정부는 변함없는 전력 증강과 방산(防産) 육성을 강조하지만 아직 믿음이 가지 않습니다. 미래가 안갯속 같고 바닥부터 무너지는 소리가 들립니다.""최근 만난 대형 방산업체의 한 고위 임원이 한 말이다. 잇단 남북 정상회담에 따른 대화 무드와 9·19 남북 군사합의 등에 따른 방산업계의 불안감이 드러난다. 이번 군사합의에 따라 당장 DMZ 인근을 감시하는 군단·사단급 이하 무인기(無人機) 사업 등이 직격탄을 맞게 됐다.현 정부 정책 기조와 남북 관계를 떠나 최근 밝혀진 실적만 봐도 한국 방위산업은 날개 없이 추락하는 모양새다. 산업연구원(KIET)이 올 8월 공개한 분석 결과를 보면 국내 방산 10대 기업의 지난해 매출(9조3000억원)은 2016년에 비해 18% 정도 줄었다. 수출은 1조5000억원으로 35% 가까이 감소했다. 우리 방산 생산에서 10대 기업이 차지하는 비중은 65%가 넘는다. 그동안 방산 수출을 견인해온 KAI(한국항공우주산업)의 수출은 전년 대비 83% 정도 급감했다.영업이익률도 바닥이다. 유도(誘導)무기 전문기업인 LIG넥스원의 지난해 영업이익률은 0.24%로 시중은행 1년 정기예금 금리(2%)보다 훨씬 낮다. 한국 방산의 중추인 한화그룹 방산 계열사들도 1.8~ 3.9%를 기록했다. 모두 우리나라 제조업 평균 영업이익률(8.3%)에도 크게 못 미친다.한때 수출액 3조3000억원(30억달러)을 돌파하며 신성장 동력으로 꼽히던 한국 방산이 회생하려면 어떻게 해야 할까. 먼저 성능과 신뢰성은 뒷전이고 무조건 값싼 무기로 결정하는 최저가 입찰제, 지나치게 높은 군의 성능요구 조건, 짧은 연구개발 기간 같은 구조적·제도적 폐해를 고쳐야 한다. 채우석 한국방위산업학회장은 ""삼성그룹이 방위산업을 포기한 이유도 이런 문제와 무관치 않다""고 말한다.검찰과 감사원의 과도한 방산 비리 의혹 수사·감사 관행도 바꾸어야 한다. 지난달 25일 대법원은 해군 해상작전헬기 도입 비리 의혹 등과 관련해 구속 기소된 최윤희 전 합참의장과 정홍용 전 국방과학연구소장 등에게 무죄를 선고했다. 전(前) 정부 시절 사상 최대 규모로 꾸려진 방위사업비리 합동수사단이 구속기소한 8대(大) 방산비리 피고인(34명)의 무죄 선고율은 50%에 달한다. 보통 일반 형사재판에서 구속 후 무죄율(2~4%)보다 10~20배 높다. '정치적 동기'에 의한 무리한 수사였다는 방증이다.전문성과 거리가 먼 감사원 출신들이 최근 연이어 KAI 사장이나 방위사업청장으로 임명된 것도 우려스럽다. 올 9월 말 17조원 규모의 미군 고등훈련기(APT) 사업에서 탈락한 KAI에 대해선 수뇌부 인사를 포함한 분위기 쇄신과, 주인을 찾아주는 매각이 이뤄지지 않으면 근본적 개선이 어려울 것이라는 지적이 많다. 두어 달 전 부임한 왕정홍 방사청장(전 감사원 사무총장)이 취임사에서 ""내가 바람막이가 돼줄 테니 감사 등에 너무 위축되지 말고 소신껏 일하라""고 말해 직원들의 호평을 받았다는 뒷얘기가 요즘 분위기를 상징적으로 보여준다.문재인 대통령은 이달 1일 2019년도 예산안 국회 시정연설에서 ""국방연구개발 예산을 늘려 자주국방 능력을 높여 나가겠다""고 했다. 방산은 그 자주국방의 토대이자 핵이다. 방산이 무너져 정찰위성 개발 등이 어려워지면 현 정부 역점 사업 중 하나인 전작권(전시 작전통제권) 전환도 타격을 받는다.전문가들은 국내 시장(한국군)에만 의존하지 말고 이스라엘처럼 수출에 주력하는 것만이 한국 방산의 살길이라고 말한다. 이를 위해선 정부와 군, 기업, 국회 등의 유기적 협조가 필수적이다. 청와대 방산비서관 신설 같은 정책 방안들이 제시됐지만 현 정부는 별 관심이 없는 듯하다. '방산 붕괴'라는 국가 안보 비상사태가 터지기 전에 청와대와 정부의 결단을 촉구한다."
[기자의 시각] '리선권 막말' 그냥 넘길건가,2018-11-07 03:14,오피니언," 북한의 리선권 조평통 위원장이 지난 9월 남북 정상회담 수행차 방북한 대기업 총수들 앞에서 ""냉면이 목구멍으로 넘어갑니까""라며 면박을 줬다는 얘기가 처음 나온 건 지난달 29일 통일부 국정감사에서였다. 야당 의원의 질의에 조명균 통일부 장관이 ""비슷한 얘기를 들었다""고 하면서 리선권의 '냉면 발언'은 기정사실이 됐다.누군가의 망언·설화(舌禍)가 일주일 넘게 기삿거리가 되는 일은 드물다. 하지만 '냉면 발언' 논란은 열흘 가까이 뜨겁다. 정부로선 달갑지 않을 것이다. 대북 정책에 대한 지지 확보를 위해 핵무장, 반(反)인권, 독재 왕정의 이미지를 '세탁'해야 하는데 '대남 갑질' '안하무인' 이미지까지 덮어쓰게 됐기 때문이다. 그렇다고 남 탓만 할 수도 없다. 정부·여당이 자초한 일이기 때문이다.리선권의 막말이 전해진 직후만 해도 여권에선 ""일을 망치려고 작정한 것""(정세현 전 통일부 장관), ""용납할 수 없다""(서훈 국정원장)는 반응이 나왔다. 여기서 그쳤다면 리선권 막말 파동은 11월 달력을 열기 전에 잊혔을 것이다.하지만 여당 원내대표가 ""재벌 총수들에게 직접 전화를 했는데 그런 일(냉면 발언)이 없었다고 하더라""고 하면서 분위기가 달라졌다. 정부·여당은 입을 맞춘 듯 ""사실관계가 불분명하다"" ""(사실이라 해도) 농담 아니냐""고 했다. 청와대 대변인은 5일 '문화 차이'를 거론하며 ""(평양에서 받은) 엄청난 환대를 훼손하는 정도는 아니다""라고 했다. 급기야 6일 여당 원내 수석부대표는 야당을 겨냥해 ""평화를 반대하느냐""고 했다. 청와대·여당의 '리선권 감싸기'에 야당이 통일부 장관 해임 결의안을 내는 등 파장은 계속 커지고 있다.북한에 온정적인 현 정부가 회담 상대인 북한을 어느 정도 '배려'하는 것은 이해할 수 있다. 대통령이 아들뻘인 3대 세습 독재자에게 ""용단에 경의를 표한다"" ""찬사의 박수를 보낸다""고 하는 것도 그럴 수 있다 치자.하지만 그 부하들이 대한민국을 능멸하고 우리가 이를 쉬쉬하는 것은 다른 문제다. 조 장관은 대한민국을 대표해 남북 회담에 나선다. 1962~63년생으로 알려진 리선권은 자기보다 대여섯 살 많은 조명균 장관을 올해만 7~8차례 상대했고, 만날 때마다 조 장관을 아랫사람 대하듯 했다. 조 장관은 매번 그냥 넘겼고 지난달 만남 땐 '심기'를 거스를까 봐 탈북민 기자의 취재까지 막았다. 회담 성공에 집착한 나머지 언론 자유와 탈북민 인권까지 짓밟은 것이다.남북 관계가 좋아진다는데 자유민주주의의 소중한 가치들이 훼손되고 있다. 정부의 대북 저자세가 계속되면 더한 일도 벌어질 수 있다. 북한의 막말에 정색하고 ""부적절한 발언 삼가라""고 할 줄 알아야 한다. 그래야 남북 관계도 건강해지고, 국민도 박수를 보낼 것이다."
울산교육감 한마디에… '이승복 동상' 모두 사라질 판,2018-11-07 03:01,교육·취업," 노옥희〈사진〉 경남 울산시교육감이 울산 일부 초등학교에 세워져 있는 이승복 동상을 철거할 것을 지시해 논란이 일고 있다.6일 울산시교육청에 따르면 노 교육감은 지난 5일 오전 교육청 간부회의에서 ""지난주 초등학교를 방문해보니 이승복 동상이 있었다""며 ""시대에 맞지도 않고 사실관계도 맞지 않는 것으로 알고 있는데 이른 시일 안에 없앴으면 좋겠다""며 동상 철거를 지시했다. 울산시교육청은 노 교육감의 이 같은 지시에 따라 지역 내 초등학교의 이승복 동상 설치 현황을 파악하는 한편 동상 철거 절차와 방법에 대한 조사에 들어갔다. 현재 울산엔 강남, 복산, 태화, 주전, 감곡초교 등 초등학교 12곳에 이승복 동상이 세워져 있다. 대부분 개인이 기증한 동상으로 알려졌다.노 교육감은 울산 지역 1세대 운동권 인사다. 교사 출신으로 80년대 전교조 울산지부장, 90년대 민노총 울산본부 수석부본부장 등을 지내며 전교조 활동과 노동운동을 했다. 2000년대 이후엔 민주노동당·진보신당 후보로 울산시장과 국회의원 선거 등에 출마했다. 노 교육감의 발언이 알려지자 지역에서는 즉각 반발이 나왔다. 우선 ""사실관계가 맞지 않는다""는 노 교육감의 철거 근거가 잘못됐다는 지적이다. 이승복 사건의 사실관계는 법원에서도 진실로 확정됐다. 1959년생인 이승복은 1968년 12월 발생한 '울진·삼척 무장공비 침투 사건' 때 공비들에게 ""나는 공산당이 싫어요""라고 외치며 저항하다 가족과 함께 무참하게 살해당했다. 이 소식은 1968년 12월 11일 '공산당이 싫어요'란 제목의 본지 보도로 세상에 알려지면서 큰 충격을 줬다. 이후 이 일화는 반공 교육 소재로 널리 활용됐고 '이승복 어린이'는 반공의 상징 인물이 되면서 전국 초등학교 운동장에 동상으로 세워졌다.그러나 김대중 정부 들어 일부 좌파 단체에서 '이승복 기사 조작' '거짓 보도' 의혹을 제기하면서 이 일화가 교과서에서 사라지고, 전국 곳곳의 이승복 동상들이 철거됐다. 결국 진실은 대법원에서 가려졌다. 2006년 11월 대법원은 ""이승복 기사는 조선일보 기자들이 현장을 취재해 작성한 사실 보도""라고 판결했다. 본지 보도에 대해 '현장에 가지도 않고 꾸며 쓴 거짓 보도'라고 허위 사실을 유포한 김모씨는 징역 6개월에 집행유예 2년의 유죄가 확정됐다. 대법원은 또 2009년 2월 조선일보가 김씨를 상대로 낸 손해배상 청구소송에서 ""조선일보 기사에 보도된 이승복의 말이 거짓이라는 피고 김씨의 적시사실은 허위라고 볼 수밖에 없으므로 조선일보에 500만원을 배상하라""고 판결한 원심을 확정했다.'이승복 동상 철거 반대' 측은 지역 교육계 수장인 노 교육감의 사실 인식에 문제가 있다고 비판했다. 울산의 한 초등학교 교장은 본지 통화에서 ""엄연히 사실인 역사를 정치적 관점에 따라 뒤바꾸는 것은 올바른 교육이 아니다""라며 ""과거의 남북 대치 상황을 미래의 자료로 삼도록 동상을 그대로 둬야 한다""고 말했다. 우강호 이승복 평화기념사업회 이사장은 ""아이들을 가르치는 교육감의 역사 의식이 지나치게 편향적이라 안타깝다""고 말했다. 우 이사장은 ""과거 남북 간 대립으로 인한 피해와 실상을 알려주고, 지금 조성되고 있는 남북 간 평화·화해 분위기도 그 시대를 바탕으로 하고 있다는 사실을 교육할 필요가 있다""며 ""이승복 동상은 계속 존치돼야 한다""고 말했다.울산교육청 관계자는 ""초등학교 내 동상 철거는 원칙적으로 학교장의 재량이어서 교육청이 일방적으로 할 수는 없다""고 했다. 또 ""대개의 동상이 시민 기증으로 세워져 철거하려면 기증자와 유족의 동의가 있어야 하는 등 법적 절차도 거쳐야 한다""고 말했다. 이승복 동상이 있는 울산 초등학교들은 ""교육청에서 정확한 근거를 바탕으로 철거 공문을 보내오면 기증자와 교사들의 의견 수렴 절차를 거쳐 철거 여부를 결정하겠다""는 입장으로 알려졌다."
"""국군 포로 생사확인 없인 김정은 서울답방 안된다""",2018-11-07 03:01,사회," 한반도 인권과 통일을 위한 변호사 모임, 6·25전쟁 납북 인사 가족협의회 등 북한 인권 단체 회원들이 6일 서울 종로구 청와대 앞에서 ""북한 인권을 외면하는 남북 정상회담 개최를 반대한다""는 기자회견을 하고 있다. 물망초재단 박선영(맨 앞) 이사장이 ""북한 억류 국군 포로의 송환과 생사 확인 없이는 김정은의 서울 답방은 안 된다""고 말하고 있다."
