제목,날짜,분류,기자,본문
남북 철수키로 한 11개 GP 중 1개씩은 보존…역사적 가치 때문,2018-11-08 16:56,정치,조영빈,"남북이 철수키로 했던 비무장지대(DMZ) 내 11개 GP(감시초소) 가운데 1개씩을 원형 상태로 보존키로 했다. 역사적 기념 가치가 높은 만큼 일부는 남겨두자는 취지다. 국방부는 8일 “남북 군사 당국은 제10차 장성급 군사회담과 상호 문서교환을 통해 보존 가치가 있는 일부 GP에 대한 유지 필요성에 공감해 시범 철수키로 한 각 11개의 GP 중 각 1개소의 GP 시설물을 보존하기로 합의했다”고 밝혔다. 앞서 남북은 9ㆍ19 군사분야 합의를 통해 연말까지 남북 각각 11개의 GP를 철수키로 합의했다. 이후 양측은 실무회담 등에서 보존 필요성이 있는 GP 1개씩을 남겨두기 위한 협의를 벌여온 것으로 알려졌다. 남북은 각각 1개 GP를 보존 대상으로 선정했다. 우리 측은 역사적 상징성 및 보존 가치, 차후 평화적 이용 가능성 등을 종합적으로 고려해 동해안 지역에 있는 1개 GP를 선정했다. 북한 측도 자체 판단 기준에 따라 중부지역의 1개 GP를 보존 대상으로 지정했다. 우리 측이 선정한 GP는 동해에서 가장 가까운 곳으로, 정전협정이 체결된 1953년 최초로 설치됐다.국방부는 “역사적 보존 가치가 있고, 동시에 금강산과 동해안, 감호 등과 연계해 평화적 이용 가능성이 매우 높은 곳”이라며 “동해선 남북도로와 근접해 접근성 또한 뛰어난 장소로 판단했다”고 설명했다. 남북 군사 당국은 해당 GP의 시설물을 완전히 파괴하지 않고 원형을 유지하기로 한 만큼, 차후 관련 시설물이 군사적 목적으로 사용되지 않도록 지속적으로 상호 확인ㆍ관리해 나갈 예정이라고 국방부는 강조했다. 조영빈 기자 peoplepeople@hankookilbo.com "
"11년 만에 얼굴 맞댄 남북 보건당국…""연내 전염병 정보교환 시범사업""",2018-11-07 17:51,사회,신지후,"남ㆍ북 보건 당국이 11년 만에 전염병 공동대응체계 구축과 보건의료분야 협력을 논의하기 위해 얼굴을 맞댔다. 우선 전염병 유입과 확산 방지를 위해 연내 전염병 정보교환 시범사업을 실시하고, 기술ㆍ인적교류와 실태조사를 위한 공동 현장방문 등도 검토하기로 했다. 권덕철 보건복지부 차관, 권준욱 복지부 건강정책국장, 김병대 통일부 인도협력국장 등 남측 대표단은 7일 개성 남북공동연락사무소에서 박명수 보건성 국가위생검열원 원장을 비롯한 북측 대표단 3명과 만나 보건의료 협력 분과 회담을 진행했다. 남북이 보건의료 관련 회담을 연 것은 10ㆍ4선언 직후인 2007년 12월 이후 처음이다. 이날 회담의 주요 의제는 남ㆍ북한의 감염병 공동대응체계 구축과 지원 방식이었다. 남ㆍ북의 거리가 가깝기 때문에 곤충ㆍ모기로 인한 감염병이나 전염병이 등이 급속도로 퍼질 경우 통제하기 힘들다는 공감대가 형성됐기 때문이다. 남북은 이날 회담에서 올해 안에 남북 간 전염병 정보교환을 시범적으로 실시하고, 중장기적으로는 전염병의 진단ㆍ예방 치료를 위한 공동 현장방문과 기술ㆍ인적교류를 추진하기로 합의했다. 그간에도 북한은 남측 정부가 감염병 분야에서 어느 정도 역할을 해주길 기대해 왔지만, 국제사회의 제재 때문에 논의조차 어려웠다. 특히 북한 내 유병률이 높은 결핵의 경우, 환자는 완치까지 최소 6개월 동안 여러 종류의 항생제를 꾸준히 복용해야 하지만 당국의 대응력이 약해 도움이 절실한 상황이다. 세계보건기구(WHO)의 ‘2018년도 결핵 연례보고서’에 따르면 지난해 북한 내 결핵 환자는 약 13만1,000명(결핵 유병률 인구 10만명 당 513명)으로 집계됐다. 인구 10만명 당 결핵 의한 사망률은 63명으로, 전년(43명)보다도 큰 폭으로 증가했다. 특히 올해 북한의 결핵 예산으로 국제사회의 지원을 포함해 8,400만달러가 필요하지만, 이 중 92%인 7,700만달러가 부족한 상황인 것으로 분석됐다. 권덕철 차관은 회담이 직후 기자회견을 통해 “약품이나 인적교류는 유엔 제재 대상이 안 되는 것으로 알고 있다”며 “외교부ㆍ통일부와 협력해서 오해가 발생하지 않은 범위 내에서 지원을 검토해보겠다”고 말했다. 건강한 자녀 출산ㆍ양육을 도모하는 모자보건 정책 협력 또한 논의됐다. 한국보건사회연구원은 지난 7월 WHO 조사를 기반으로 한 보고서를 통해 북한의 영유아 사망률은 인구 1,000명 당 24명으로 남한(3명)보다 8배 더 많다고 밝힌 바 있다. 북한 출생아 중 생후 6~23개월의 최소 필요식 섭취 비율은 26.5%에 불과하다는 조사 결과도 있다. 남북은 이 같은 모자보건 분야를 포함한 방역ㆍ보건의료협력 사업을 위해 남북공동연락사무소를 통한 협의를 정례화 한다는 계획이다. 박명수 원장은 “만남이 좀 늦긴 했지만, 이제라도 실천적 대책을 강구할 수 있는 마당이 마련돼 다행”이라고 강조했다. 신지후 기자 hoo@hankookilbo.com "
"김병준 “남북한 냉전의 사슬 끊고 경제공동체 이루면 전세계가 주목""",2018-11-07 10:11,정치,김정현,"본보 주최 2018 코라시아 포럼 축사 김병준 자유한국당 비상대책위원장이 “남북한이 냉전의 사슬을 끊고 경제공동체를 이뤄내면 한반도는 그야말로 전 세계가 주목하는 새로운 기회를 제공하게 될 것”이라고 밝혔다.    김 위원장은 7일 서울 용산구 서울드래곤시티 호텔에서 열린 한국일보-코리아타임즈 공동 주최 ‘한반도 평화, 아시아의 기회와 도약 : KOR-ASIA 포럼’에 참석해 “저와 한국당은 한반도 평화의 사회⋅경제적 가치를 그 누구보다 높게 보고 있다”며 이같이 밝혔다.   김 위원장은 “대한민국은 아시아와 중앙아시아와 연해주를 잇는 동북아시아의 허브 국가로 발돋음할 수 있는 역량과 잠재력을 가지고 있다”면서도 ""분단으로 인한 안보위협과 지정학적 제약으로 사실 섬나라와 같은 형태에 놓여있어 더 큰 도약의 기회를 누루지 못했다”고 지적했다.    김 위원장은 ""낙관적 기대만 하기에는 여러 가지 걱정거리가 있다”면서 ""과거 유럽이 경제공동체를 성공시킬 수 있었던 것은 단지 각국 정부의 경제협력 관련 협약뿐만 아니라 북대서양조약기구 나토(NATO)를 통해 안보 불안을 해소하고 공통의 가치관을 바탕으로 갈등의 여지를 줄였기 때문”이라고 강조했다.    김 위원장은 이어 ""남북한의 경제⋅사회적 통합 역시, 핵이 사라지고 인권을 보장하는 진정한 평화에 기반해야 모두가 바라는 미래로 나갈 수 있다”면서 “북한의 인권 탄압 방치한 평화추구는 의미없다. 한반도 번영으로 나가는 과정에서 선비핵화는 필히 준수해야 할 가이드라인”이라고 역설했다.   ■김병준 비상대책위원장 축사 전문 승명호 한국일보 회장님, 이준희 사장님 감사드린다. 우리 국민의 한 사람으로서 아시아인의 사람으로서 한반도의 평화와 아시아의 새로운 기회 이런 것을 주제로 해서 포럼을 열어주시는 것이 정말 감사한 일이라고 생각이 된다. 메가와티 전 인도네시아 대통령님을 비롯한 외빈들께도 깊은 감사의 말씀을 드린다. 특히 메가와티 전 대통령께는 얼마 전 쓰나미가 왔을 때 저는 자유한국당의 대표의 자격으로 위로의 말씀을 전한 바가 있는데 오늘 이렇게 뵙게 돼서 반갑다. 그리고 그 재난을 잘 극복하고 계시기를 염원하고 있다.  대한민국은 아시아와 중앙아시아 그리고 연해주를 잇는 동북아시아의 허브국가로 발돋움할 수 있는 그런 역량과 잠재력을 가지고 있다고 생각한다. 그러나 분단으로 인한 안보위협과 지정학적인 제약으로 인해서 사실 섬나라와 같은 그런 형편에 놓여있으면서 더 큰 도약의 기회를 누리지 못하고 있었다. 남북한이 이제 냉전의 사슬을 끊고 경제공동체를 이뤄낸다면 한반도는 그야말로 전 세계가 주목하는 새로운 기회를 제공할 것이라고 생각한다. 이런 점에서 저나 우리 자유한국당은 한반도 평화의 사회적, 경제적 가치를 그 누구보다도 높게 평가하고 있다는 말씀을 드린다. 그런 의미에서 남북한이 진정한 평화, 미래로 나가기를 염원하고 있다.  하지만 이런 낙관적 기대만 하기에는 여러 가지 우리의 걱정거리와 걸림돌이 있는 것 같다. 과거 유럽이 경제공동체를 성공시킬 수 있었던 것은 단지 각국 정부의 경제협력에 관한 협약뿐만 아니라 NATO를 통해 안보의 불안을 해소하고, 공통의 가치관을 바탕으로 갈등의 여지를 줄였기 때문이라고 생각한다. 남북한의 경제·사회통합 역시 핵이 사라지고 인권이 보장되는 진정한 평화에 기반 해야만 우리 모두가 바라는 미래로 나아갈 수 있다고 생각한다. 이런 점에서 북한의 핵위협과 인권탄압을 방치한 채 평화를 추구하는 것은 의미가 없다고 생각한다. 그런 만큼 한반도 평화와 번영을 향해서 나아가는 과정에서 선 비핵화 문제는 우리가 필히 준수해야 될 가이드라인이 아닌가 생각한다. 오늘 포럼에 여러 정치 지도자들과 많은 전문가들께서 참석해 주셨는데 바로 이런 맥락에서 그야말로 한반도의 진정한 평화가 이루어지고 그것이 아시아의 또 다른 번영을 위한 좋은 기회가 되기 위한 그런 여러 지혜들이 모이는 그런 장이 되었으면 좋겠다. 다시 한 번 국민의 한 사람으로서 또 아시아인의 한 사람으로서 감사의 말씀과 축하의 말씀을 함께 드린다. 감사하다. 김정현 기자 virtu@hankookilbo.com  "
“남북 경협=퍼주기? 대북 불신에 기반”,2018-11-06 14:34,정치,신은별,"▷ ‘What’s up?’은 ‘무슨 일이냐’ 또는 ‘잘 지냈냐’는 뜻입니다. ‘와썹? 북한’을 통해 지난해까지 남한과의 교류가 사실상 중단 상태였던 북한이 현재 어떤 모습인지, 비핵화 협상과 함께 다시 움트기 시작한 북한의 변화상을 짚어봅니다. 한국일보가 ‘한반도 비핵화와 대북 투자’를 주제로 9~12월 진행하는 한국아카데미의 강의 내용을 토대로 합니다. 정부가 개성공단 가동을 전면 중단한 지 1000일째인 5일 김진향 개성공업지구지원재단 이사장은 서울 용산구 드래곤시티에서 진행된 ‘한국아카데미’에서 “개성공단을 두고 여전히 (북한에 대한) ‘퍼주기’라고 하는 사람들이 있는데, 북한은 단지 경제적 관점에서 개성공단 사업을 시작한 것이 아니다”며 세 가지 근거를 들었다. 이날 강연은 정부가 개성공단 기업인 방북을 두고 북측과 협의 중이라는 사실이 공개된 이후, 개성공단을 비롯 남북 경제협력 사업에 대한 비판적 목소리가 커지는 와중 이뤄졌다. 김 이사장은 첫 번째 근거로 개성공단 부지 사용료를 제시했다. 그는 “북측은 남측이 사용하는 부지에 대한 비용을 충분히 감당할 여력이 있었음에도 불구, 1단계 개발지역인 약 331”㎡(100만 평) 규모 부지를 1㎡ 당 1달러에 제공했다”는 점을 들어 “이를 통해 원래 군사 공간이었던 곳을 평화와 경제의 공간으로 바꾸고자 했다”고 판단했다.  북측 노동자 임금 수준이 낮았다는 점도 언급했다. “남북이 2004년 기본임금을 협의할 당시, 남측은 월 200~250달러를 얘기했는데, (협상 중) 김정일 국방위원장이 군 관계자에게 구두로 ‘6ㆍ15 정신에 입각해서 평화의 정신으로 (기본임금을) 50달러로 하라’고 지시하며 협상이 타결됐다”는 게 김 이사장 설명이다.  기본임금이 사업 초기 3년 동안 동결된 것도 김 이사장이 제시한 근거 중 하나다. 남북이 합의한 기본임금 인상 상한선은 5%였는데, 공단 가동 이듬해 임금협상에서 북한이 먼저 “남측 기업이 (개성공단에) 들어온 지 1년도 안 됐는데 무슨 임금협상이냐”며 동결을 제안했다는 것이다.  이어 그는 “2015년을 기준으로 개성과 베트남에 투자한 (비슷한 업종, 규모의) 기업 경쟁력을 비교해보니, 개성에 투자한 기업이 매출액에서 1.3배, 당기순이익에서 5배 우위에 있었다”며 “개성공단 전면중단 조치는 북한에 대한 제재가 아니라 우리 기업과 근로자를 제재한 것, 즉 정책 실패라 할 수 있으므로 정부는 하루빨리 (실패한 정책을) 바로잡아야 한다”고 강조했다.  그는 남북 경협 이야기가 나올 때마다 ‘퍼주기’라고 주장하는 이들을 “(투자한 금액이) 어떤 대가로 돌아오는지를 생각하지 않고 ‘돈이 북한으로 넘어간다’는 한 가지 측면만 생각하는 것”이라고 지적하며, “퍼주기 논란에는 북측에 대한 불신과 남북 경협 이데올로기에 대한 폄하가 내재돼 있다”고 봤다.  같은 날 강연에 나선 신한용 개성공단기업협회장도 “북한에 대한 불신에 기반을 두고 있기 때문에 (경협을 둘러싼) 남남(南南) 갈등이 계속되는 것 같다”며 개성공단에 입주했던 기업인으로서의 경험을 토대로 대북 투자를 말했다.  그는 공단 운영 당시 “(북측) 인력의 배치, 상벌과 관련해 (남측 기업이) 채용, 인사에서 자율성을 거의 갖지 못했으며, 근로자에게 개별적으로 임금을 지불하지 않고 북측 운영기관에 기업별로 일괄 납부하는 형식으로 임금 지급이 이뤄졌다”며 이를 생산성 향상 저해 요소로 꼽았다. 또 “식대, 간식비, 교통비 등 복리후생 비용이 임금 대비 과도했다”는 점을 설명하면서 북한 노동자에게 간식으로 제공했던 초코파이가 임금 수준을 웃돌기도 했던 웃지 못할 에피소드도 털어놨다. 그러나 개성공단 가동이 중단된 상황에서도 그는 “경쟁력 있는 임금 수준, 동일 언어 사용 등 북측이 가진 강점을 감안할 때 정부 차원에서 근로자 수급을 기업 자율에 맡기는 것으로 합의하고, 정치적 이익에 따라서가 아니라 상호 이익에 부합하는 생산성 향상 대책을 마련한다면 개성공단과 같은 형태의 경협은 (남측 기업이 투자할) 가치가 있다”고 말했다.  신은별 기자 ebshin@hankookilbo.com "
경기ㆍ강원도의회 “남북 평화 위해 힘 합치자”,2018-11-05 17:00,,이종구,"경기 파주시 통일대교는 우리나라 땅인데도 신분 확인을 거쳐야 통행이 가능한 곳이다. 5일 낮 통일대교 검문 수속을 마치고 다리를 지나 3분여를 더 가니 경의선(서울~신의주) 철도역인 도라산 역이 눈에 들어왔다. 북한과 직선거리로 불과 800m 떨어진 경의선 최북단 역이다. 북으로 향하는 첫 번째 역이자 통일시대에 대비한 국제 역이기도 하다. 역 앞에 있는 높이 156m의 도라산에서 역 이름을 따왔다. 이날 한반도 통일 염원을 상징인 도라선역에서는 접경지역 지방의회가 손을 맞잡았다.   경기도의회(의장 송한준)와 강원도의회(의장 한금석)는 도라산역에서 “남북 화해와 평화 분위기 조성을 위해 힘을 합치자”며 ‘평화 업무협약’을 체결했다. 남북관계 개선을 위한 지방의회 간 최초의 업무협약이다.  두 의회는 협약서에 “남북ㆍ북미정상회담을 계기로 만들어진 남북 화해와 평화 분위기 조성을 위해 남북교류협력과 DMZ 공동개발에 나선다”고 합의했다. 두 의회는 이날 남북 평화 정착을 위해 함께 노력하겠다는 의미를 담아 이곳에서 협약을 맺었다. 이번 업무협약은 정대운(광명2) 경기도의회 기획재정위원장이 접경지역 의회가 힘을 합치면 한반도 훈풍이 평화로 정착될 것이라고 제안해 이뤄졌다. 두 의회는 이날 △인도적 지원ㆍ경제협력ㆍ지역SOC개발 등 남북교류협력사업 △DMZ 생태보존과 국제적 지역관광 거점화를 위한 공동사업 △경원선 연결 및 현대화 등 남북철도 복원 관련 협치 방안 모색 △접경지역 발전 및 규제개선을 위한 업무협력 △남북교류협력 사업기반 구축을 위한 공동회의 정례화 등을 추진하기로 했다.  두 의회가 체결한 평화 업무 협약은 이날부터 효력을 갖게 된다.   경기도의회는 이번 협약 사항이 경기도의 대북 사업과 함께 추진될 경우 이른 시일 내에 성과가 나올 것으로 기대하고 있다. 앞서 경기도는 지난달 내년 중 남북교류협력을 위해 인도적 지원 등 7개 분야에서 31개 사업을 추진키로 하고, 108억6,300만원의 예산을 투입할 계획이라고 밝혔다. 참석자들은 협약식에 앞서 도라선역과 민통선 내 유일한 반환 미군공여지인 파주 캠프그리브스 등을 둘러보며 한반도 평화 통일을 함께 기원했다.  송한준 경기도의회 의장은 “오늘 평화 업무협약은 남북 간 평화를 앞당기고 지역 간 네트워크를 활성화하는 계기가 될 것”이라며 “선언적 의미를 넘어 눈에 띄는 성과로 이어질수 있도록 노력 하겠다”고 말했다. 한금석 강원도의회 의장은 “남북관계가 번영으로 가는 과정에서 뜻 깊은 협약이 됐다”고 강조했다.  이종구 기자 minjung@hankookilbo.com "
"한미연합사령관 “미국, 남북 군사 신뢰 구축 지지ㆍ동의”",2018-11-05 17:19,정치,권경성,"4ㆍ27 판문점선언에 포함된 남북 간 군사 분야 신뢰 구축 방안이 미국의 지지ㆍ동의 아래 이행되고 있다고 빈센트 브룩스 한미연합사령관 겸 유엔군사령관이 5일 확인했다. 다만 공동경비구역(JSA)과 비무장지대(DMZ) 내 지뢰 제거 조치만 제한적으로 언급됐다. 브룩스 사령관은 한국 합동참모본부가 이날 발행한 ‘합참’ 가을호(제77호)에 기고한 ‘동주공제(同舟共濟ㆍ같은 배를 타고 강을 건넌다는 뜻의 한자성어) 정신으로 같이 갑시다’ 제하 글에서 “현재 역사적인 판문점선언에 담긴 군사 분야의 신뢰 구축 방안들은 미국의 지지와 동의, 그리고 유엔군사령부의 직접ㆍ지원 조치들과 함께 진행되고 있다”고 밝혔다. 한미연합사령관이 합참의 기관지에 실명으로 기고한 건 브룩스 사령관이 처음이다. 기고에서 그가 거론한 신뢰 구축 조치는 지난달 초 JSA와 강원 철원군 DMZ의 화살머리고지 일대에서 시작된 지뢰 제거 작업이다. 그는 “신뢰 구축 방안은 공동경비구역과 비무장지대 일부 구역에서의 지뢰 제거와 전사자 유해 발굴 및 송환 계획을 포함하고 있다”며 “지뢰 제거 작업은 한국과 북한의 공병부대 병력이 투입돼 이뤄지고 있고 양국이 희망하는 관광 분야 확대를 목적으로 공동경비구역을 보다 안전하고 안정적인 장소로 만들기 위한 작업도 진행되고 있다”고 전했다. 이어 “비무장지대 일대에서의 지뢰 제거는 이후 진행될 남북 공동 유해 발굴 작업을 위한 사전 조치”라며 “이런 일련의 조치들은 앞으로 항구적이고 안정적인 평화로 가는 다음 단계에 반드시 필요한 신뢰 구축을 위해 (남ㆍ북ㆍ미가) 함께 노력하고 있음을 보여준다”고 평가했다. 한반도 미래는 낙관했다. “저는 현재 우리의 상황에 고무돼 있지만, 앞으로 우리 앞에 놓인 과제가 만만치 않다는 것 또한 분명히 인식하고 있다”면서도 “결국 동주공제의 정신이 승리하리라 믿고 있다. 바로 한국인들과 미국인들이 이 여정을 함께하고 있기 때문”이라고 덕담했다. 그러면서 한미동맹의 중요성을 역설했다. “한미동맹이 동북아의 평화와 안보 유지에 매우 중요하고 한미 양국의 공동 안보와 경제적 번영에 기여하고 있다”며 “전쟁의 도가니 속에서 맺어진 한미동맹은 지난 68년 넘게 지속돼 왔다. 남산의 소나무와 같이 우리의 뿌리는 깊고 강력하다. 한미동맹은 절대 흔들리지 않을 것”이라고 그는 강조했다. 2년 6개월여 간의 임기를 마친 브룩스 사령관은 8일 이임한다. 권경성 기자 ficciones@hankookilbo.com "
"남북, 평화의 물길 열고 한강하구 공동 수로조사",2018-11-05 16:38,정치,신은별,"남북이 민간선박의 자유항행을 위한 한강ㆍ임진강 하구 공동수로조사를 5일 개시했다. 1953년 정전협정 체결 이후 처음이다. 남북은 연내 조사를 완료하고, 내년 1월까지 해도(海圖)를 제작할 예정이다. 국방부와 해양수산부에 따르면 이날 남북은 ‘9ㆍ19 군사분야 합의서’에 따라 한강과 임진강 하구의 공동이용을 위한 수로조사를 개시했다. 이동재 해수부 산하 국립해양조사원장은 정부세종청사에서 열린 브리핑에서 “수로조사란 음향을 이용해 선박부터 바닥까지 깊이를 측정한 후, 조석에 의해 변화하는 수심을 측정해 선박이 안전하게 운항할 수 있는 수심을 알아내는 것”이라고 설명했다. 남북이 합의서를 통해 설정한 공동이용수역은 남측 김포반도 동북쪽 끝점부터 교동도 서남쪽 끝쪽까지, 북측 개성시 판문군 임한리부터 황남 연안군 해남리까지로, 길이 70㎞, 면적 280㎢에 해당한다. 수로조사는 1953년 정전협정 이후 65년 만에 처음으로 이뤄졌다. 남북이 설정한 공동이용수역은 정전협정상 남북 민간선박의 자유로운 항행을 허용하고 있으나, 현재까지 ‘민감수역’으로 관리돼 자유항행이 제한돼왔다. 국방부는 “수로조사가 완료되면 자유항행 보장을 위한 항행정보(해도)를 제공할 예정”이라고 밝혔다. 남북은 공동이용수역을 3개 구역으로 나눠 연내 조사를 완료하고, 조사결과를 토대로 내년 1월까지 해도를 제작할 예정이다. 다만 정전협정 이후 한번도 조사가 이뤄지지 않은 구역인 만큼, 조사기간이 늘어날 수 있다고 해수부는 내다봤다.  남북 10명씩, 총 20명으로 구성된 공동조사단은 이날 오후 수로탐지용 음향탐지장비를 구비한 소형 발동선 2척과 지원선 2척에 나눠 타고 조사를 진행했다. 선박에는 ‘바다의 적십자기’라 불리는 국제수로국의 수로측량깃발이 달려있었다. 당초 남북은 오전 10시 해상에서 만나 조사를 시작할 예정이었으나, 썰물로 인해 항해가 여의치 않아 접선이 미뤄졌다. 황준 해양수산부 국립해양조사원 수로측량과장은 이날 조사 시작에 앞서 기자들과 만나 “수로 조사, 해저 지형조사에 중점을 두고 있으며, 조석 관측도 (조사에) 포함된다”며 “수로가 낮기는 하지만 기술적으로 큰 어려움은 없을 것이다”고 설명했다. 향후 공동조사는 남측 선박 6척으로 이뤄질 예정이다. 이날 조사에도 김포에서 출발한 발동선 2척이 더 투입될 예정이었으나 수심이 불안정해 중간에 합류를 포기했다. 선박과 장비 임차료 4억 1,800만원 등은 통일부 남북협력기금을 사용한다. 남북공동수로조사 남측 조사단장을 맡은 윤창희 해병대 대령은 대북제재 위반 소지를 묻는 질문에 “기초 조사여서 문제가 없을 것으로 본다”고 답했다.  남북이 지난달 열기로 합의한 보건협력 분과회담도 일정이 다소 지연되기는 했으나 7일 개성 공동연락사무소에서 열릴 예정이다. 백태현 통일부 대변인은 이날 회담 일정을 공개하며 “남북 전염병 공동대응체계 구축과 보건의료 분야 협력에 대한 폭넓은 협의 자리가 되기를 기대한다”고 밝혔다. 국방부ㆍ해양수산부 공동취재단 신은별 기자 ebshin@hankookilbo.com 세종=이현주 기자 memory@hankookilbo.com "
"[포토]
                 남북 민화협, 10년 만에 금강산서 연대 및 상봉대회 개최",2018-11-05 17:11,정치,홍인기,"남측 민족화해협력 범국민협의회(민화협)와 북측 민족화해협의회가 3일과 4일 이틀간 금강산에서 4월에 열린 ‘판문점 선언과 9월 평양공동선언 이행을 위한 남북 민화협 연대모임’행사를 10년 만에 진행했다. 북한 조선중앙통신에 따르면 “북남 민화협 연대모임에서 연설자들은 북과 남의 모든 정당, 단체, 인사들이 정견과 신앙, 당파와 소속, 주의 주장의 차이를 초월하여 민족공동의 요구와 이익을 우선시하며 연대연합을 실현해 나갈 것”이라 전했다. 중앙통신은 연대모임에서 공동결의문을 채택했으며, 부문별 단체상봉모임도 진행 소식과 함께 남북 민간단체 대표들이 금강산관광지구의 삼일포 일대를 둘러본 일정을 보도했다. 이번 공동행사는 2008년 열린 6.15 공동선언 기념 행사 이후 10년 만에 남북 민간단체가 개최한 대규모 행사이다. 남측에서는 김홍걸 남측 민화협 대표상임의장을 포함해 노동ㆍ농민ㆍ여성ㆍ종교 등 각 분야에서 총 256명이 방북했으며, 북측은 김영대 북측 민화협 회장을 비롯해 대남 관계자들과 근로단체 고위 인사 등 100여 명이 참석했다. 홍인기 기자 "
"65년만에 한강하구 남북공동조사, 민간선박 자유항해 첫발",2018-11-05 11:15,경제,이현주,"남북공동조사단의 한강 하구 공동 이용을 위한 수로 조사가 시작됐다. 민간선박의 접근이 제한돼 있는 한강 하구 수역을 조사하는 것은 1953년 정전협정 이후 처음이다. 해양수산부와 국방부는 5일 오전부터 ‘역사적인 판문점 선언 이행을 위한 군사분야 합의서(9.19 군사합의)’에 따라 남북 공동으로 한강 하구 수로조사를 실시한다고 밝혔다. 조사가 진행될 수역은 남측 경기 김포시 반도 동북 끝~인천 교동도 서남 끝과 북측 개성시 판문군 임한리~황남 연안군 해남리 사이로 길이는 약 70㎞다. 면적은 약 280km2, 평균 수심은 2~4m, 최대 수심은 14m에 이를 것으로 추정된다. 이동재 국립해양조사원장은 “1953년 정전협정 이후 수로조사가 이뤄지지 않아 정확한 조사를 실시해 봐야 자세한 면적과 수심을 알 수 있다”고 설명했다. 해당 수역은 정전협정 제1조5항에 따라 남북 민간선박의 자유로운 항행이 보장되는 곳이다. 그러나 유엔군사령부 군사정전위원회가 그간 한강 하구를 ‘민감수역’으로 관리하면서, 선박 접근은 사실상 제한됐다. 남북은 9ㆍ19 군사합의서를 통해 한강하구를 공동이용수역으로 설정하는데 합의하고, 수로조사를 실시한 뒤 민간선박의 이용을 군사적으로 보장하기로 했다. 공동조사단은 민간선박이 수역에 진입했을 때 안전한 수심을 확보하기 위해 필요한 기초 정보를 수집하게 된다. 음향측심기를 이용해 선박 바닥부터 강바닥까지 깊이를 측정하고, 조석간만의 차에 따라 변하는 수심 깊이도 조사한다. 조사단은 우리 측 10명, 북한 측 10명 총 20명으로 구성됐다. 군과 수로조사 전문가들이 참여한다. 우리 정부가 수로조사선 2척, 소형어선 4척 등 6척의 배를 제공하고, 북측 조사단과 함께 승선해 조사를 진행하는 방식이다. 공동조사단은 12월 11일까지 37일간 조사를 실시한 뒤 내년 1월까지 해도를 간행한다는 계획이다. 해도는 이후 국방부를 통해 북측에 전달된다. 한강 하구에 민간선박 접근이 가능해지면 강바닥에서 건설용 모래를 캐내는 골재채취가 활발해 질 것으로 정부는 기대하고 있다. 남북이 공동으로 건설용 골재를 채취하고 판매 수익 등을 배분하는 방식도 검토되고 있다. 이 원장은 “공동조사는 안전한 항해를 위해 실시하는 기본조사로, 유엔대북제재와는 관계가 없다“며 “이번 조사는 유엔군 사령부와도 합의된 내용”이라고 설명했다. 세종=이현주 기자 memory@hankookilbo.com "
민주당 “일자리ㆍ남북교류 예산 사수”,2018-11-02 17:23,정치,류호,"더불어민주당이 야당과의 본격적인 예산안 협상을 앞두고 전열을 가다듬었다. 정부가 제출한 470조5,000억원의 원안 통과를 위해 당ㆍ정ㆍ청 간 소통을 강화하는 모습이다. 무엇보다 남북교류와 일자리 등 정부의 핵심사업 예산만큼은 사수하겠다며 결의를 다졌다.   민주당은 2일 국회 의원회관에서 ‘2019년도 예산안 심사 대비 당정청 워크숍’을 개최했다. 당에선 홍영표 원내대표와 김태년 정책위의장, 민주당 소속 국회 상임위원회 위원장 등이 참석했다. 정부에선 조명균 통일부 장관과 김용진 기획재정부 2차관이, 청와대에선 윤종원 경제수석과 정태호 일자리수석 등이 참석했다.  야당이 대폭 삭감하겠다는 일자리 예산 23조5,000억원과 남북교류 예산(남북협력기금 포함) 1조1,000억원은 반드시 지키겠다는 입장이다. 홍 원내대표는 “일자리나 혁신성장 등 정부의 역점사업에 관한 예산에 대해 철저하게 준비하겠다”고 말했다. 강병원 원내대변인은 워크숍 직후 “문재인 정부가 편성한 사실상 첫 예산”이라며 “집권 3년차 성과를 내는데 꼭 필요한 예산이기 때문에 지켜내겠다”고 강조했다. 민주당은 이번 정기국회 주요 처리 법안으로 유치원 비리 근절을 위한 ‘유치원 3법’과 공인중개사법, 민간임대주택특별법 등을 추가하기로 했다. 또 아동수당법을 개정해 소득 수준과 관계 없이 수당을 모두에게 지급하는 방안을 추진하기로 했다. 이밖에 공정거래위원회의 전속고발권 폐지 등을 다룬 공정거래법, 창업벤처기업에 한해 차등의결권을 도입하는 상법 개정안, 고위공직자비리수사처와 검경수사권 조정도 주요 처리 법안으로 정하고 대책을 논의했다. 쟁점 법안의 신속한 처리를 위해 야당에 ‘여야 민생경제법안 태스크포스(TF)’ 재가동을 제안하기로 했다. 강 원내대변인은 “지난 8~9월 국회에서 민생경제법안TF를 통해 쟁점 법안에 대한 이견을 많이 줄였다”며 “이 TF의 재가동을 야당에 제안하기로 했다”고 말했다. 또 여야 3당 원내대표가 ‘여야 저출산극복TF’ 구성에 동의했다고 밝혔다.       민주당은 4일 고위 당정청회의를 열고 워크숍에서 나온 내용들을 바탕으로 예산안과 정기국회 주요 법안에 대해 의견을 나눈다.  류호 기자 ho@hankookilbo.com "
"남북, 2032년 올림픽 공동개최 서신 IOC에 전달키로",2018-11-02 17:42,스포츠,김형준,"남북이 2032년 하계올림픽 공동개최 의향을 담은 서신을 국제올림픽위원회(IOC)에 함께 전달하기로 했다. 아울러 2020년 도쿄 하계올림픽을 비롯한 각종 국제 스포츠대회에 단일팀을 꾸려 출전하기로 하고, 체육교류 논의를 수시로 이어갈 것을 약속했다.  남북은 2일 개성 남북공동연락사무소에서 체육분과회담을 열고 이 같은 내용을 담은 공동보도문을 채택했다. 남측에선 노태강 문화체육관광부 2차관, 북측에선 원길우 체육성 부상이 각각 수석대표로 나선 이날 회담은 오전 10시부터 시작돼 총 3시간 30분(오전 1시간30분ㆍ오후 2시간)정도 진행됐다.  공동보도문에 따르면 남북은 2020년 도쿄 하계올림픽을 비롯한 국제경기에 공동으로 진출하며, 단일팀 출전과 관련된 실무적 문제들은 IOC 및 종목별 국제경기단체들과 협의해 추진하기로 했다. 2032년 올림픽 공동개최 의향 서신을 IOC에 전달한 이후에도 개최 절차 등에 필요한 문제들을 지속적으로 협의해 해결해 나가기로 약속했다.  남북간 체육교류도 더욱 활발해질 전망이다. 남북은 이날 체육분야에서 공동의 발전을 위해 상대측 지역에서 개최되는 국제경기에 적극적으로 참가하기로 결의하고, 친선경기 등 체육교류에서 제기되는 실무적 문제들은 남북공동연락사무소를 통해 협의하기로 했다.  남북은 당장 내년 1월 독일과 덴마크가 공동개최 하는 남자 세계핸드볼선수권대회부터 단일팀을 내보낼 계획이다. 분단국가 통일을 경험한 독일 출신의 토마스 바흐 IOC위원장과도 교감이 있었던 것으로 알려졌다. 노 차관은 이날 회담을 마친 뒤 “단일팀으로 출전하기 위해선 12월 중엔 훈련을 해야 한다”며 “(훈련)장소나 일정은 아직 정해지지지 않았다”고 밝혔다. 그는 “(판문점선언 1주년인)내년 4월 27일쯤 남북이 동의하는 종목의 친선경기를 열 계획”이라고 했다. 2020 도쿄올림픽 단일팀 구성에 대해선 “가능하면 예선전부터 단일팀을 구성할 계획”이라고 했다.  김형준 기자 mediaboy@hankookilbo.comㆍ공동취재단 "
"남북, 2032년 하계올림픽 공동개최 의향서 IOC에 전달한다",2018-11-02 15:29,스포츠,김형준,"남북이 2032년 하계 올림픽 공동개최 의향을 담은 서신을 국제올림픽위원회(IOC)에 공동으로 전달하기로 했다.  남북은 2일 개성 남북공동연락사무소에서 체육분과회담을 열고 이 같은 내용의 공동보도문을 채택했다. 공동보도문에 따르면 남북은 2020년 도쿄 하계올림픽을 비롯한 국제경기에 공동으로 진출하며, 단일팀 출전과 관련된 실무적 문제들은 IOC 및 종목별 국제경기단체들과 협의해 추진한다. 남북은 당장 내년 남자 세계핸드볼선수권대회에 단일팀 출전을 추진하기로 했다. 남북은 또 2032년 올림픽 공동개최 의향 서신을 IOC에 전달하고 필요한 문제들을 계속 협의해 해결해 나가기로 약속했다. 아울러 체육분야에서 공동의 발전을 위해 상대측 지역에서 개최되는 국제경기에 적극적으로 참가하기로 결의했다. 친선경기 등 체육교류에서 제기되는 실무적 문제들은 남북공동연락사무소를 통해 협의하기로 했다. 남북은 노태강 문화체육관광부 2차관과 원길우 북한 체육성 부상을 각각 수석대표로 이날 오전 10시부터 개성에서 회담을 진행했다. 남북체육분과회담 공동보도문 전문.  남과 북은 역사적인 판문점선언과 9월 평양공동선언 이행을 위한 남북 고위급회담의 합의에 따라 남북체육분과회담을 진행하고 다음과 같은 실천적 조치들을 취해 나가기로 하였다. 1. 남과 북은 2020년 도쿄하계올림픽대회를 비롯한 국제경기들에 공동으로 진출하고, 단일팀 출전과 관련된 실무적 문제들을 국제올림픽위원회 및 종목별 국제경기단체들과 협의하여 추진해 나가기로 하였으며, 당면하여 2019년 남자 세계핸드볼선수권대회 참가문제부터 실행해 나가기로 하였다. 2. 남과 북은 2032년 하계올림픽경기대회의 공동개최 의향을 담은 서신을 국제올림픽위원회에 공동으로 전달하고 필요한 문제들을 계속 협의하여 해결해 나가기로 하였다. 3. 남과 북은 체육분야에서 공동의 발전을 위해 상대측 지역에서 개최되는 국제경기에 적극 참가하고, 뜻깊은 계기에 친선경기진행 등을 비롯한 체육교류에서 제기되는 실무적 문제들을 남북공동연락사무소를 통해 협의하기로 하였다.  김형준 기자 mediaboy@hankookilbo.comㆍ공동취재단 "
"남북, 10년 만에 ‘NLL 불법조업 중국 어선’ 정보 공유 재개",2018-11-02 16:15,정치,조영빈,"남북이 서해 북방한계선(NLL) 일대에서 불법 조업을 벌이는 제3국 선박에 대한 정보 교환 업무를 재개했다. 제3국 불법조업 선박 정보교환이란, NLL 일대의 남북 경비 함정이 파악한 중국 어선의 위치와 규모 같은 정보를 서로 주고 받는 것을 뜻한다. 2008년 5월 마지막 정보 교환 이후 10여년 만이다. 국방부는 2일 “남북이 '9ㆍ19 군사분야 합의서’와 제10차 남북장성급 군사회담 합의사항 이행 차원에서 서해 NLL 일대의 제3국 불법조업 선박에 대한 일일 정보교환을 재개했다”고 밝혔다. 남북 군사 당국은 이날 오전 9시 서해지구 군 통신선을 통해 서해 해상에서 조업 중인 ‘제3국 불법조업 선박 현황’에 대한 각 측의 정보를 공유했다고 국방부는 설명했다.    남북은 서해에서의 남북 간 우발적 충돌 예방 방안을 담은 ‘6ㆍ4 합의서’(2004년) 도출 이후 불법조업 어선 현황 정보를 2008년 5월까지 교환했다가 중단했다. 국방부는 “2008년 5월 이후 중단되었던 제3국 불법조업 선박 정보교환이 재개된 것은 서해 NLL 일대에서의 우발적 무력충돌을 사전에 예방하기 위한 조치”라고 강조했다.  북한 매체들은 한편 남북 간 군사합의 이행 필요성을 강조했다. 북한 노동당 기관지인 노동신문은 이날 ‘북남 선언들의 이행에 자주통일이 있다’는 제목의 정세논설을 내고 “북남관계 발전과 조선반도의 평화에로 향한 현 정세 흐름을 추동하는 데서 상대방을 자극하는 군사적 행동조치들을 완전히 중지하고 정세완화에 유리한 환경과 조건을 조성해 나가는 것이 중요하다”고 밝혔다. 이어 “상대방을 반대하고 위협하는 군사적 도발행위들은 북남관계 개선과 조선반도의 평화보장에 백해무익하다”고 덧붙였다. 이 신문은 9ㆍ19 군사합의를 직접 언급하진 않았으나 지난 1일부터 군사합의 이행이 시작된 것을 감안했을 때 남북 간 군사합의를 지키겠다는 의중을 드러낸 것으로 보인다.  다만 한미는 최근 한미 안보협의회의(SCM)를 계기로 내년 예정된 한미훈련 일정을 논의한 것으로 알려졌다. 북한이 이를 의식해 내년 예정된 한미훈련 추가 유예를 압박하기 위한 제스처를 취한 것이란 관측도 나온다. 조영빈 기자 peoplepeople@hankookilbo.com "
"[논담]
                 “남북경협 큰 틀엔 동의... 비핵화 연동 탓 한미 시각차”",2018-11-01 18:00,오피니언,고재학,"북한전문가 홍민 박사(통일연구원 연구위원)  9월 남북 정상의 평양공동선언 이후 철도ㆍ도로 연결, 북한 양묘장 현대화 등 남북 협력사업이 속도를 내고 있다. 남북 관계를 개선해 북미 협상에 우호적인 환경을 조성하고 비핵화를 앞당기기 위한 의도로 보인다. 일각에선 남북경협 과속과 한미공조 균열을 우려하는 목소리도 나온다. 북한 실상을 가장 정확히 알고 있다는 평가를 받는 홍민 통일연구원 북한연구실 연구위원을 만나 남북경협 과속론에 대한 의견을 들어봤다. -미국이 대북제재를 유지하는 상황에서 우리 정부가 너무 앞서간다는 지적이 있다. “북한은 노선 전환을 통해 가고자 하는 전략적 방향이 있다. 김정은 위원장이 집권 이후 취한 정책들을 봤을 때 개성공단이라는 제한적 영역에 머물지 않고 과감하게 실용주의적 방향으로 갈 가능성이 높다. 한국 정부와도 상당 부분 교감을 이뤘다고 본다. 남북이 가려는 방향에 대해 미국도 본질적으로 다른 경로를 생각한다고 보기 어렵다. 다만, 비핵화가 남북경협 및 제재와 연동돼 있다 보니 속도나 절차에서 의견 차이가 있는 것이다.” -최근 남북경협 움직임에 대해 미국도 큰 방향에서 동의한다는 건가. “그렇다. 남북미가 세부 설계도까지 합의한 개념은 아니지만, 최소한 북한을 경제발전과 번영이라는 비전으로 유인해내는데 대해 상당한 교감을 이뤘다고 본다. 물론 북한과 미국이 생각하는 비핵화 방식이 다를 수는 있다. 협상이 본격화하면 미국이 상응 조치를 동시에 하느냐, 비가역적 단계에 돌입하는 지점부터 하느냐 정도 차이다. 중요한 건 미국 내에서 대북제재를 풀기가 쉽지 않다는 점이다. 행정명령을 유연화해 일정 부분 풀 수도 있지만, 그것만으로 북한이 원하는 해제 효과가 나오긴 어렵다. 근본적으로 풀려면 의회를 경유하거나 특별법을 통해야 하는데, 시간이 오래 걸린다. 결국 북한의 비핵화 시작과 미국의 제재 해제까지 공백이 불가피하고, 남북경협이 상당 부분 이 공백을 메울 수밖에 없다.” -미국 제재가 풀릴 때까지 남북경협이 대체재 역할을 한다는 얘기인가. “그렇다. 미국이 북한과의 협상 테이블에서 자신이 원하는 방식의 비핵화를 최대한 끌어내려면, 제재 해제와 관련된 일련의 양보가 불가피하다. 그런데 내부 사정상 바로 줄 게 없다면, 대체재를 제시할 수밖에 없다. 남북경협이 그 역할을 충분히 감당할 수 있다. 미국은 비핵화 방식에 합의할 때까지 제재를 유지해야 하고, 남북경협도 바로 풀어주기 어렵다. 결국 북한에게서 최대치의 비핵화를 끌어내기 위해 남북경협을 제어하는 듯한 원론적 얘기를 하는 것이다. 북한의 비핵화 순서와 미국의 상응 조치들이 협상 테이블에 올라오면, 남북경협은 미국이 줄 수 있는 중요한 아이템이 될 것이다. 언론이 현상적 측면만 보고 남북 과속을 얘기하는데, 그게 전부가 아니다. 최근 진행된 남북미 간 프로세스를 보면 남북경협에 대한 미국의 의견 표명은 국면적 현상으로 이해하는 게 맞다.” -미국의 대북제재 해제에 시간이 오래 걸리는 이유는. “미국이 만든 북한 제재 강화법은 단순히 핵만 대상으로 삼은 게 아니다. 정치범수용소나 억류자 등 인권 문제까지 해결돼야 제재를 풀 수 있다. 의회가 단번에 해제하기가 현실적으로 쉽지 않다는 얘기다. 결국 공백기가 생길 수밖에 없다. 북한이 납득할만한 수준의 비핵화 로드맵을 제시하면 미국도 상응 조치를 취해야 하는데, 현실적으로 시간이 오래 걸리고 제재 해제 아닌 대체 수단도 마땅치 않다. 이 공백기를 대체해줄 수 있는 게 남북경협이다. 미국도 북미 협상 이후 남북경협이 따라올 수밖에 없다는 걸 잘 알고 있다.” -미국의 대북제재가 유지되는 상황에서 남북경협이 작동할 수 있을까. “대통령 행정명령이나 국무부 판단을 통해 예외 인정이 가능하다. 이미 7월 중순 폼페이오 장관이 의회 청문회에서 남북경협 제재 위반 여부에 대해 신중한 검토를 하고 있다고 답했다. 국무부 차원에서 세밀하게 검토된 내용은 국무부 내지 행정명령 차원으로 면제가 가능하다. 핵미사일 고도화와 직접 관련되지 않는 사업이라면 제재 위반으로 보기 힘든 부분도 있다. 남북경협의 내용이 최소한 비핵화를 촉진하거나 북한을 평화체제로 견인하는 평화재,안보재로서의 역할을 한다면 과연 제재 위반으로 볼 수 있을지 의문이다. 대북제재는 북한 비핵화를 위한 수단일 뿐이다. 남북경협이 비핵화를 촉진하는 경제적 인센티브이자 평화재 역할을 한다는 시각에서 접근할 필요가 있다.”  -최근 트럼프 대통령이 북한 비핵화에 시간이 오래 걸려도 좋다고 했는데. “굉장히 중요한 말이다. 중간선거를 앞둔 트럼프 대통령은 북한 비핵화를 주요 성과로 포장하려는 욕심을 접은 듯하다. 단기간 협상으로 졸속 결과를 도출해내는 방식이 되기 쉬운 탓이다. 그런 접근이 낳을 부정적 시각을 불식하고 실질적 성과는 국내 정치에서 어필하는 게 낫다고 판단했을 것이다. 또 하나는 북한 비핵화를 위한 기술적 시간이 오래 걸린다는 걸 이해하고 있다는 점이다. 트럼프는 6ㆍ12회담 직후 “비핵화가 10년, 15년 굉장히 길게 걸릴 수 있다”고 했다. 비핵화의 기술적 과정에 대한 이해와 자신의 정치적 시간을 감안해 나온 발언이다. 북한 비핵화에 대한 미국의 인식은 세 단계로 바뀌어왔다. 북미 정상회담 전까지는 선비핵화를 1년 내 끝내라는 이른바 존 볼턴의 거친 방식이었다. 6ㆍ12 이후에는 포괄적 합의를 하되 단계적으로 가는 부분이 필요하다는 걸 인식했고, 지금은 상응 조치를 고려하면 장기 레이스로 봐야 한다는 인식에 이른 듯하다.” -2차 북미정상회담에서 비핵화 방식에 대한 결론이 도출되면 남북경협이 본격화할 수 있나. “남북경협은 미국이 북한에 줄 수 있는 유력한 대안이다. 폼페이오 방북 이후 북미 관계가 교착 상태에 빠졌다는 시각이 있는데, 전혀 그렇지 않다. 폼페이오는 ‘큰 진전’, 김정은은 ‘크게 만족’이라고 했다. 늘 비핵화만 얘기하던 미국이 사후 조치를 처음 거론했다. 오찬에선 ‘북미 간 상호 접촉과 내왕을 활성화하는 데 있어서 흥미진진한 얘기를 교환했다’는 표현도 나왔다. 큰 뼈대에서 의미 있는 의견을 나눴다는 거다.” -그럼 후속 협상이 왜 지지부진한가. “북한은 풍계리 핵시설 폐기를 국제참관단에 검증 받겠다고 했다. 투명성을 확보하려면 상당한 준비가 필요하다. 2차 북미정상회담 준비도 만만찮은 작업이다. 미국도 중간선거 국면에서 실무협상을 준비하기가 쉽지 않다. 북미 협상의 진전된 내용을 가시화하는 게 선거 국면에서 유리하지 않다고 판단해 휴지기를 갖는 것이지, 교착으로 보긴 힘들다. 북미가 중간선거 이후 고위급 회담을 갖기로 한 것도 이런 맥락에서 이해할 수 있다.” -북미 회담 실무를 맡은 비건 대표가 임종석 청와대 비서실장을 만나 남북경협 속도 조절을 주문했다는 보도가 있었는데. “일개 차관보급이 대북제재를 강조하거나 속도 조절을 얘기하러 대통령 비서실장을 만났다는 건 굉장히 난센스다. 속도 조절이라면 외교부 장관이나 이도훈 본부장에게 얘기하는 게 맞다. 대통령을 상대하는 것과 다름없는 비서실장에게 그런 얘기를 하는 건 결례이고 상식적으로도 말이 안 된다. 미국은 계속 원칙적인 얘기를 해왔는데 새삼스레 비서실장을 만날 이유도 없다. 중간선거 이후 풍계리ㆍ동창리 검증, 종전선언, 2차 북미정상회담 등 향후 일정에 대해 미국 입장을 전달하고 우리 의견을 들었을 것이다.” -북한은 남북경협 진행 속도가 더디다며 불만을 표출했는데. “북한은 제재와 무관한 분야에서 남한이 좀 더 과감해지길 원하고 있다. 북한의 불만을 과거 패턴적으로 해왔던 ‘생떼를 쓴다’는 시각으로 볼 게 아니라, 협력 내용이 제재 위반이냐는 관점에서 접근할 필요가 있다. 제재와 무관한 분야라면 미국에 적극적으로 얘기해 협력 수준을 끌어올리자는 게 북한 주문이다. 비핵화 여건 조성을 위한 초보적 수준의 논의를 당장 제재를 무력화하거나 경협으로 바로 이어지는 것처럼 해석하는 건 잘못이다.” -미국이 보조를 맞추라고 요구하는 상황에서 더 과감한 경협이 가능한가. “법리적 측면에서 그간 이뤄진 남북 관계를 제재 위반으로 보긴 어렵다. 미국도 검토를 했고 딱히 위반사항이 없다는 것도 알고 있다. 그럼에도 비핵화 협상력 제고를 위해 보조를 맞추라는 원론적 얘기를 자꾸 하는 거다.” -연내 종전선언과 김정은 위원장 답방이 이뤄질까. “이뤄진다고 본다. 물론 2차 북미정상회담 이후 서울에 오면 모양새가 더 좋다. 북미 합의를 바탕으로 지금보다 진전된 형태가 나올 가능성이 높다. 그렇지 않은 상태에서 남북 정상이 만나면 9월 평양선언보다 더 확장된 합의를 이루기가 쉽지 않다. 그럼에도 연내 만나야 남북 합의를 이행했다는 패턴을 계속 만들어갈 수 있는 거다. 내년 이후 남북미가 지속적으로 비핵화를 진전시켜나가는 결속구도를 유지하는데도 중요하다. 김정은의 서울 방문은 역사적 의미가 크다. 종전선언과 연동된 이벤트가 벌어질 가능성이 매우 높다.” -미국도 종전선언에 동의한 건가. “북미는 6ㆍ12회담에서 관계 정상화, 평화정착, 비핵화, 인도적 유해송환 등 4개 항에 합의했다. 이후 북한은 핵미사일 실험 중단, 유해송환, 풍계리 핵시설 폐기 등 이른바 ‘선의의 조치’를 취했다. 미국은 북미 간 인적교류, 연락사무소 개소, 대북제재 초기 유연화 등의 합의를 이행하지 않았다. 북한이 민감해 하는 2개 군사훈련만 중단했다. 북한이 다음 단계인 ‘신뢰 조성’으로 나가게 하려면 연내 종전선언을 할 수밖에 없다. 미국도 6ㆍ12회담에서 남북 간 종전선언 추진 합의를 존중한다고 했다. 미국이 남북경협도 막고 종전선언도 반대하면 국내에서 반미 정서가 번질 수 있다. 미국도 우려하는 부분이다. 연내 종전선언을 매듭짓고 가겠다는 건 남북미가 사실상 교감하는 내용이다.” -종전선언의 형식은. “미국은 종전선언을 통해 북한 비핵화에 우호적인 환경을 끌어낼 수 있다면 전략적으로 낮은 단계에서 활용하자는 입장이다. 북한도 종전선언이 과도하게 높은 수준으로 설정되면 자신이 양보해야 할 내용도 커지기 때문에 다음 단계 대화로 가기 위한 용도로 활용하고 싶어한다. 미중 관계가 좋지 않은 상황에서 미국이 정상급 선언에 응하기는 현실적으로 어렵다. 유력한 대안은 실무급에서 종전선언문에 합의하고 외교부 장관들이 확인한 뒤 각국 정상이 자국에서 종선선언문을 발표하고 서명하는 방식이다.” 고재학 논설위원 goindol@hankookilbo.com 정리=변한나(논설위원실 사원) "
남북 ‘과속스캔들’의 대가,2018-11-01 18:30,오피니언,황상진,"한반도 비핵화를 위한 북미 협상 성공의 관건은 상호 신뢰 구축이다. 한국전쟁 발발 이후 근 70년간 적대시해 온 미국과 북한이 서로를 믿게 되느냐 여부는 비핵화를 가를 핵심 변수다. 작금의 북미 협상은 양측이 신뢰 구축 방법을 모색하는 단계다. 하지만 입장차가 크다. 북한은 종전선언과 대북제재 완화를 해줘야 미국을 믿고 비핵화를 진행할 수 있다는 입장이다. 반면 미국은 비핵화 조치, 즉 핵시설∙핵무기∙핵물질 리스트 제출과 검증이 먼저 이뤄져야 북한을 믿을 수 있다는 것이다. 문재인 정부는 북미 간 이 좁혀지지 않는 간극을 메우기 위해 안간힘을 쓰고 있다. 그러나 정부가 바라는 대로 국면이 바뀌어 갈지는 미지수다. 오히려 시간이 지날수록 정부의 선택지가 점점 줄어드는 형국이다. 미국이 북미 비핵화 협상의 장기화를 염두에 두는 신호가 포착된 뒤부터 남북의 조급함은 점점 뚜렷해지고 있다. 유럽 순방 중 문 대통령의 대북제재 완화 카드 제시는 정부의 조바심을 압축적으로 드러낸 것이다. 스티븐 비건 미 국무부 대북정책특별대표의 방한 행보를 보면 대북제재 완화 요구는 한미 공조 측면에서 미국과 불필요한 마찰을 일으킨 요인이 됐다. 문 대통령의 대북제재 완화 카드는, 비록 비핵화를 전제한 것이지만, 미국의 대북정책 방향과 어긋나고 시점상으로도 적절치 않았다는 평가가 많다. 최근 하와이에서 진행된 한미 안보포럼 행사 중 만난 미국 싱크탱크 관계자는 “(대북제재 완화를 강조한) 문 대통령의 유럽 순방은 실패”라며 “문 대통령의 태도는 북미협상에 회의적인 미국 사회의 흐름을 강화하면서 문 대통령을 북한 비핵화를 믿는 유일한 지도자로 고립시킬 수도 있다”고 우려했다.  실제 미국 조야(朝野)는 북미 협상에 비관적인 분위기가 우세하다. 여야, 민관 구분 없이 과거 협상경험 등을 근거로 북한을 신뢰하지 않는다. 미국이 추구하는 민주적 가치에 반하는 세습 독재자라는 점에서 김 위원장에 대한 거부감도 크다. 여기에 트럼프 대통령에 대한 반감이 포개지고 있다. 이런 상황에서 우리 정부가 남북군사합의, 남북철도∙도로 연결, 산림 협력, 개성공단 방문 등으로 남북관계 개선에 속도를 올리고, 그때마다 대북 제재 예외 인정을 요구하다 아예 제재 완화까지 거론하자 고개를 갸웃거리는 것이다. 비건 대표가 방한해 대북 정책을 관장하는 ‘외교안보 빅4’를 두루 만나고, 미국 정부가 우리 기업과 금융기관에 남북경협 자료를 요구하거나 대북 제재 이행을 강조한 것 등은 문재인 정부에 대한 미국의 이런 의문을 반영한다. 또 비핵화와 대북 제재를 다룰 한미 워킹그룹의 뒤늦은 설치는 동맹국에 대한 미국의 믿음이 흔들렸다는 반증이다. 물론 정부가 미국과 대북 정책을 조율할 수 있는 통로가 마련됐다는 의미가 있긴 하다. 하지만 반대로 생각하면 미국이 남북관계 개선을 위한 정부의 대북 정책 추진에 일일이 개입하게 됐다는 것을 뜻한다. 자존심 상하는 일이나 남북관계 개선으로 북미 협상을 견인하려던 과정에서 생긴 남북 ‘과속스캔들’이 초래한 결과다. 이제부터라도 대북 정책과 한미 관계 전반을 제대로 점검해봐야 한다. 남북관계 개선으로 북한 비핵화를 견인한다는 정부 전략은 여전히 유효하다. 문제는 남북관계 개선과 북미 협상 간 적절한 보폭 조절이다. 문 대통령 언급대로 제재 완화는 북한이 되돌릴 수 없는 비핵화 조치를 할 경우 당연히 수반돼야 하나 현 단계에선 미국이 수용할 수 없는 카드다. 그것을 문 대통령이 몰랐을 리 없다는 점에서 제재 완화 언급은 고도의 계산된 발언이었을 가능성을 배제할 수 없다. 하지만 그로 인해 발생하는 한미 간 불협화음은 북한 앞에서 굳건해야 할 한미 동맹을 흔들 수 있다. 북미 관계처럼 한미 관계가 대북 정책 추진 과정에서 서로를 의심하는 ‘신뢰의 덫’에 걸리게 된다면 그것은 한반도 평화 여정에 치명적이다. 미 중간선거 이후 비핵화 협상 전개 양상이 안갯속인 가운데 정부에 더 치밀한 대응이 요구되는 이유다.   논설실장 april@hankookilbo.com "
총성 사라지는 남북 하늘ㆍ땅ㆍ바다 접경지,2018-11-01 04:40,정치,신은별,"오늘부터 모든 군사훈련 중단… 남북간 군비통제 첫 이행 의미 남북이 9월 채택한 ‘4ㆍ27 판문점선언 이행을 위한 군사분야 합의서’에 따라 이달 1일부터 군사분계선(MDL) 일대 지상ㆍ해상ㆍ공중에서 모든 군사 연습을 중단한다. 우발적 무력 충돌 가능성을 근원적으로 제거하기 위한 조치이자, 남북 간 군비통제가 처음으로 이행 단계에 접어들었다는 점에서 의미가 크다. 국방부는 31일 “남북 군사 당국은 1일 0시부터 지상, 해상, 공중에서의 상대방에 대한 일체의 적대행위를 전면 중지할 것”이라고 밝혔다. 지상에서 MDL을 기준으로 남북 각각 5㎞ 구간을 완충 지대로 설정하기로 합의한 것과 관련, 군은 해당 구역 포병 사격훈련장을 조정ㆍ전환하고, 연대급 이상 야외기동훈련의 계획ㆍ평가방법 등을 보완했다. 해상의 경우, 서해 남측 덕적도 이북~북측 초도 이남 수역, 동해 남측 속초 이북~북측 통천 이남 수역에서 포사격 및 해상기동훈련이 중지된다. 국방부는 “함포ㆍ해안포의 포구ㆍ포신 덮개를 제작하여 설치했고, 연평도ㆍ백령도 등에 위치한 모든 해안포의 포문을 폐쇄했다”고 밝혔다. 북한이 입구를 닫거나 철문으로 막는 식으로 해안포 포문을 폐쇄하는 징후도 이미 포착한 바 있다. 공중에는 비행금지구역이 설정된다. MDL을 기준으로 고정익 항공기는 동부 40㎞ㆍ서부 20㎞, 회전익 비행기는 10㎞, 무인기는 동부 15㎞ㆍ서부 10㎞, 기구는 25㎞를 적용한다. 비행금지구역 내에서는 고정익 항공기의 실탄사격을 동반한 전술훈련도 금지된다. 이와 관련, 군은 “기종별 항공고시보를 발령해 비행금지구역을 대내ㆍ외적으로 공포했으며, 한미 공군의 차질없는 훈련 여건 보장을 위해 훈련 공역 조정 조치도 취했다”고 설명했다. 완충 구역 설정은 우발적 무력 충돌 가능성을 원천 봉쇄하기 위한 조처다. 1953년 정전협정 체결 후 MDL 인근 지상에서 발생한 총ㆍ포격 도발 횟수는 96회에 달하며, 서해상에서는 2010년 천안함 폭침 등으로 총 54명의 전사자가 나왔다. 이번 합의가 제대로 이행될 경우 군사적 신뢰 구축은 물론 운용적 군비 통제가 일부 현실화된다는 점에서 의미가 크다. 다만 도발 행위가 발생하면 합의서가 전면 무효화할 가능성이 상존한다. 남북이 합의서에 공동 작전수행절차를 명시하며 일종의 안전장치를 마련해둔 것은 이러한 문제 발생을 미연에 방지하기 위해서다. 남북은 1일부터 지상ㆍ해상의 경우, 경고 방송→2차 경고방송→경고 사격→2차 경고사격→군사 조치 등 5단계를, 공중의 경우 경고 교신 및 신호→차단 비행→경고 사격→군사적 조치 등 4단계를 적용할 예정이다. 군 당국은 군 대비태세에 미치는 영향이 극히 미미할 것이라고 설명하지만, 우려 불식을 위한 방안을 강구해야 한다는 목소리도 작지 않다. 정경영 한양대 국제대학원 겸임교수는 세종연구소가 발행한 ‘정세와 정책’에 게재한 논문에서 “서해 4도에 투입된 포병 부대의 사격훈련 제한에 따른 순환배치와 유사시 즉각 사격할 수 있도록 고도의 비사격훈련, 서해 완충구역 이남 지역에서 해상기동훈련의 강화, 지상 사격금지구역 내 포병사격 훈련장 제한에 따른 대체 훈련장 확보와 시뮬레이션 훈련, 비행금지구역에 따른 일부 영상정보 수집 제한에 대한 보완대책, 드론장비의 운용보완책 등을 수립ㆍ추진할 것이 요망된다”고 제언했다. 신은별 기자 ebshin@hankookilbo.com "
"매티스 美 국방, 남북군사합의서 지지 입장 밝혀",2018-11-01 04:31,국제,송용창,"제임스 매티스 미국 국방부 장관은 31일(현지시간) '판문점 선언 이행을 위한 군사 분야합의서'를 지지한다는 입장을 공식적으로 밝혔다.  매티스 장관은 이날 워싱턴DC 인근 미 국방부 청사에서 열린 제50차 한미 안보협의회의(SCM)가 끝난 직후 가진 정경두 국방부 장관과 가진 공동기자회견에서 '한미 간 이견이 있다는 언론 보도가 있는데 남북군사합의서를 전적으로 지지하느냐'는 질문을 받고 ""그렇다(Yes)”라고 답했다.  이와 관련 정경두 국방장관은 이날 주미 한국대사관에서 가진 기자간담회에서 “군사합의서 이행과 관련된 미 측의 의문은 대부분 해소됐고, 긴밀하게 공조하면서 앞으로 잘 이행해서 한반도 평화 정착과 완전한 비핵화를 달성하자고 공감했고, 적극적으로 지원하기로 했다”고 말했다. 그는 군사분계선(MDL) 일대 비행금지구역에 대해서도 “지속적으로 유엔사와 협의해왔고 완충구역 늘면서 영향요소 충분히 검토했다”면서 “11월 1일부터 훈련 구역 및 비행금지구역 문제 없다고 해서 그대로 진행하기로 했다”고 말했다.  한편, 매티스 장관은 한미가 올해 12월로 예정됐던 한미 연합공중훈련인 '비질런트 에이스(Vigilant Ace)'를 실시하지 않기로 최종 결정한 것과 관련, '북한의 위협이 비질런트 에이스를 포함해 한미연합군사훈련을 유예할 정도로 감소했다고 판단하느냐'는 질문에 ""김(정은 북한 국무) 위원장이 표현한 대로, 북한으로부터의 위협은 분명히 상당히 감소했다""면서도 ""그러나 역량은 여전히 존재한다""고 밝혔다. 이어  “이것이 (정경두 국방)장관과 내가 우리의 협력과 관련된 모든 세부사항에 대해 논의한 이유""라고 덧붙였다. 매티스 장관은 그러면서 ""지금 우리의 목표는 우리의 외교관들이 힘이 있는 위치에서 이야기할 수 있도록 보장하는 것""이라며 ""우리는 북한의 많은 위협으로부터 한국 국민을 계속해서 보호해나갈 것""이라고 밝혔다.  매티스 장관은 연합훈련 중단으로 인한 전투 능력 우려에 대해 “우리가 진행하는 모든 합동훈련을 중단한 것이 아니다”며 “우리는 지금 당장 전투능력의 저하에 대해 우려하지 않고 있다. 우리가 진전해 나가는 가운데 역량을 상실하지 않도록 적응을 해 나가야할 것이다. 그러나 다시 말하지만, 군사연습에 있어 우리의 협력에 대한 전체적 유예가 아니다”고 강조했다.  워싱턴=송용창 특파원 hermeet@hankookilbo.com "
